city,year,weekofyear,week_start_date,ndvi_ne,ndvi_nw,ndvi_se,ndvi_sw,reanalysis_air_temp_k,reanalysis_avg_temp_k,reanalysis_max_air_temp_k,reanalysis_min_air_temp_k,reanalysis_precip_amt_kg_per_m2,reanalysis_relative_humidity_percent,reanalysis_sat_precip_amt_mm,reanalysis_tdtr_k,station_avg_temp_c,station_diur_temp_rng_c,station_max_temp_c,station_min_temp_c,station_precip_mm,dew_humidity,total_cases
iq,2000,26,2000-07-01,0.1928857,0.1322571,0.3408857,0.2472,296.74,298.45,307.3,293.1,43.19,92.4185714286,25.41,8.92857142857,26.4,10.775,32.5,20.7,3.0,0.11117479319434374,0
iq,2000,27,2000-07-08,0.2168333,0.2761,0.2894571,0.2416571,296.634285714,298.428571429,306.6,291.1,46.0,93.5814285714,60.61,10.3142857143,26.9,11.5666666667,34.0,20.8,55.6,-0.16168923982293051,0
iq,2000,28,2000-07-15,0.1767571,0.1731286,0.2041143,0.1280143,296.415714286,297.392857143,304.5,292.6,64.77,95.8485714286,55.52,7.38571428571,26.8,11.4666666667,33.0,20.7,38.1,-0.5303664489334889,0
iq,2000,29,2000-07-22,0.2277286,0.1454286,0.2542,0.2003143,295.357142857,296.228571429,303.6,288.6,23.96,87.2342857143,5.6,9.11428571429,25.7666666667,10.5333333333,31.5,14.7,30.0,3.3683123450827375,0
iq,2000,30,2000-07-29,0.3286429,0.3221286,0.2543714,0.3610429,296.432857143,297.635714286,307.0,291.5,31.8,88.1614285714,62.76,9.5,26.6,11.48,33.3,19.1,4.0,1.8323870887004803,0
iq,2000,31,2000-08-05,0.2055286,0.1907571,0.2316714,0.2553143,297.191428571,298.285714286,306.2,288.5,1.0,74.7285714286,16.24,13.7714285714,25.34,10.94,32.0,17.0,11.5,4.839879312653534,0
iq,2000,32,2000-08-12,0.3124857,0.3299857,0.3805857,0.3872714,297.32,298.978571429,308.8,292.1,26.68,83.2757142857,89.37,11.4714285714,27.0166666667,11.65,34.0,19.9,72.9,2.022283891434404,0
iq,2000,33,2000-08-19,0.3841333,0.39224,0.34178,0.38275,297.627142857,299.335714286,307.9,290.6,16.9,82.49,42.08,13.7,26.5833333333,10.3166666667,33.0,20.5,50.1,1.7920299066987986,0
iq,2000,34,2000-08-26,0.4081571,0.3221571,0.4067143,0.3027143,298.238571429,299.571428571,310.1,291.3,5.59,74.74,49.22,13.7714285714,26.9,13.4,34.0,19.0,89.2,3.283780311272811,0
iq,2000,35,2000-09-02,0.3320429,0.3210571,0.3146143,0.3242571,299.218571429,300.928571429,310.5,292.9,16.07,74.1514285714,53.65,12.4571428571,27.1166666667,12.2666666667,34.0,20.0,78.0,2.4482435568931007,0
iq,2000,36,2000-09-09,0.2955857,0.2956833,0.3122143,0.2659286,300.802857143,301.935714286,312.8,291.5,2.5,57.7871428571,23.12,14.9,28.3666666667,12.9,35.8,21.7,56.9,6.152982413693031,1
iq,2000,37,2000-09-16,0.2846571,0.3097571,0.3878833,0.3281571,299.858571429,301.371428571,310.7,292.3,4.1,71.66,34.62,13.8571428571,27.425,12.775,34.5,20.5,18.9,2.209840608148225,0
iq,2000,38,2000-09-23,0.3488143,0.2957167,0.4048429,0.2425714,297.435714286,298.514285714,310.2,288.3,3.2,77.4871428571,97.55,11.3142857143,27.5333333333,12.5666666667,36.0,20.5,104.2,3.4976200742045953,0
iq,2000,39,2000-09-30,0.1756857,0.09948333,0.2257143,0.1827857,299.355714286,300.885714286,310.8,290.0,2.6,71.4628571429,95.89,14.9428571429,27.15,12.175,34.0,20.5,57.9,2.811903980339606,0
iq,2000,40,2000-10-07,0.33754,0.2769429,0.2775,0.25505,298.372857143,300.5,309.8,292.7,16.6,82.3714285714,46.22,11.9714285714,26.7,11.675,34.0,20.0,63.0,0.8343775478962958,0
iq,2000,41,2000-10-14,0.2235333,0.1339143,0.3498,0.1009167,298.474285714,300.285714286,309.2,291.9,21.9,81.5228571429,31.1,13.4857142857,27.6571428571,11.3,34.0,21.0,3.0,0.9394515856657613,1
iq,2000,42,2000-10-21,0.2748,0.1870571,0.3739429,0.2794714,299.211428571,301.15,311.8,292.3,9.9,75.54,25.21,14.9285714286,27.775,12.275,36.0,21.0,45.2,1.7373175496924467,1
iq,2000,43,2000-10-28,0.3673,0.30555,0.45538,0.3258,299.541428571,301.1,310.2,291.9,23.3,76.9414285714,49.25,13.4571428571,28.0,12.4666666667,34.6,20.0,57.9,0.7697188373329934,0
iq,2000,44,2000-11-04,0.2951,0.21152,0.3044,0.2796167,299.44,300.821428571,312.2,292.4,20.2,79.4285714286,67.64,13.3285714286,27.6,12.3333333333,35.5,21.1,7.1,-0.1064367556672549,0
iq,2000,45,2000-11-11,0.2713667,0.1515667,0.34725,0.2318667,300.748571429,301.807142857,310.4,294.3,19.2,74.8028571429,51.83,12.8714285714,28.175,12.25,35.2,21.5,13.5,-0.09523314097720698,0
iq,2000,46,2000-11-18,0.09993333,0.03586,0.1954857,0.06418333,301.637142857,302.614285714,311.8,294.2,3.6,67.1857142857,39.25,13.3714285714,29.025,13.1,36.4,21.7,0.0,1.3287942117554137,0
iq,2000,47,2000-11-25,0.1699833,0.2893,0.3009833,0.1709167,300.872857143,301.914285714,311.1,293.6,11.2,66.0428571429,55.91,13.1428571429,27.7,11.35,36.5,21.5,45.12969410665403,2.9438011907726573,0
iq,2000,48,2000-12-02,0.2519714,0.2538,0.3235143,0.3191,299.23,301.264285714,310.0,293.5,14.5,78.8857142857,20.65,12.0142857143,27.05,11.575,34.2,21.0,19.0,0.7291775265189527,0
iq,2000,49,2000-12-09,0.1658333,0.1824143,0.2545667,0.18625,300.242857143,301.028571429,312.2,292.0,1.7,68.5571428571,24.53,15.4571428571,28.0,12.0,34.0,22.0,0.8,2.6775116277118154,0
iq,2000,50,2000-12-16,0.3387857,0.3168286,0.3503429,0.2977,298.757142857,300.342857143,311.4,291.9,48.76,80.4085714286,111.06,11.9714285714,26.6166666667,9.65,33.8,21.0,67.2,0.9714369095707269,1
iq,2000,51,2000-12-23,0.2650143,0.1690571,0.2348667,0.3022429,300.411428571,302.0,311.2,294.6,5.7,60.6414285714,3.9,13.0,28.2,12.2833333333,35.0,21.0,0.0,5.450667969282868,0
iq,2001,1,2001-01-01,0.2547143,0.2285286,0.2505857,0.287,297.958571429,298.985714286,305.5,293.2,64.6,94.9557142857,59.11,6.94285714286,27.3333333333,11.0,33.3,21.8,38.9,-2.5957244117380074,0
iq,2001,2,2001-01-08,0.3021333,0.2035167,0.2674333,0.274,298.044285714,299.414285714,309.8,292.5,22.98,82.3471428571,69.85,11.0857142857,27.0,11.225,33.2,20.7,59.9,1.2646006704906883,0
iq,2001,3,2001-01-15,0.1747571,0.1033167,0.2582429,0.1767286,298.368571429,300.235714286,308.7,294.0,24.92,84.1757142857,149.71,11.0142857143,27.05,10.9,33.0,20.5,52.0,0.23416971038602544,0
iq,2001,4,2001-01-22,0.2376,0.1912667,0.1258571,0.2314429,295.722857143,296.671428571,301.8,292.3,88.03,94.0571428571,50.02,5.62857142857,25.7166666667,9.43333333333,31.2,20.0,166.9,0.9384462905542127,0
iq,2001,5,2001-01-29,0.3415,0.2606667,0.3293857,0.3690714,295.297142857,296.1,302.2,292.2,80.95,95.4071428571,87.18,5.14285714286,26.4333333333,9.66666666667,33.0,20.0,147.8,1.217342095577087,0
iq,2001,6,2001-02-05,0.2335857,0.161,0.1966143,0.2267,295.511428571,296.128571429,303.6,292.5,16.4,89.08,31.93,6.17142857143,27.35,10.025,34.2,21.7,3.3,2.5716358056125714,0
iq,2001,7,2001-02-12,0.1554143,0.1350167,0.1485286,0.1571,295.37,296.492857143,304.4,292.3,37.96,94.8842857143,66.84,6.04285714286,26.3,8.95,33.0,21.0,83.1,1.1485071469145856,0
iq,2001,8,2001-02-19,0.1353714,0.0823,0.1297571,0.1840429,296.07,296.978571429,304.4,290.6,34.18,92.8428571429,16.17,7.58571428571,26.9333333333,10.0,33.2,21.0,38.1,0.7150549355664606,0
iq,2001,9,2001-02-26,0.30764,0.2282167,0.2245,0.2912833,297.038571429,298.307142857,305.1,293.7,26.96,93.3142857143,47.14,7.38571428571,26.56,9.48,33.2,20.5,21.1,-0.7658794946153294,0
iq,2001,10,2001-03-05,0.1820429,0.289,0.2068714,0.2063286,297.618571429,298.692857143,305.8,294.8,83.89,94.0928571429,118.07,6.58571428571,27.2,10.15,33.3,20.0,87.1,-1.7842856744344129,0
iq,2001,11,2001-03-12,0.2053833,0.1769,0.2063571,0.2041286,296.79,298.128571429,309.3,292.8,195.2,94.0942857143,74.34,8.28571428571,27.05,12.1,34.2,20.0,39.9,-0.4365057164514215,0
iq,2001,12,2001-03-19,0.1883429,0.1950333,0.1635429,0.2841429,298.701428571,299.75,309.7,293.2,32.6,82.8014285714,90.35,10.6142857143,27.4333333333,11.4333333333,34.1,20.0,70.8,0.05516640992190887,0
iq,2001,13,2001-03-26,0.16238,0.1508167,0.09465714,0.1322571,296.852857143,297.6,303.2,292.8,304.52,95.9242857143,94.06,6.2,27.05,10.95,34.2,20.0,80.0,-1.2408104761583016,0
iq,2001,14,2001-04-02,0.2678143,0.3126429,0.2615,0.2584,296.305714286,297.828571429,305.5,292.9,91.43,96.7371428571,86.46,6.65714285714,27.16,10.98,35.0,20.5,46.2,-0.6455806603733129,0
iq,2001,15,2001-04-09,0.3827571,0.3709714,0.3438857,0.3762714,297.175714286,298.3,305.5,292.1,110.1,94.6028571429,80.82,6.77142857143,26.46,11.66,34.0,19.5,120.1,-1.2962858529229717,0
iq,2001,16,2001-04-16,0.3125429,0.2822143,0.2621286,0.4074857,297.062857143,298.15,305.1,292.8,120.32,94.6157142857,77.73,7.5,27.34,11.04,33.5,20.4,45.3,-1.0699076851673321,1
iq,2001,17,2001-04-23,0.2456143,0.2148429,0.2733714,0.2288,297.961428571,299.207142857,307.8,293.2,78.3,88.1485714286,78.01,10.2428571429,27.6333333333,10.9333333333,34.3,21.0,14.9,-0.2860577110872325,0
iq,2001,18,2001-04-30,0.2540143,0.179,0.3128286,0.2625571,297.285714286,298.65,305.6,293.1,103.87,92.1928571429,94.77,7.41428571429,27.625,11.325,35.2,20.5,51.0,-0.7447489089703463,0
iq,2001,19,2001-05-07,0.2664571,0.1886,0.1962,0.2273286,297.135714286,298.2,305.1,292.1,85.9,95.82,45.56,7.08571428571,26.6,8.8,32.7,21.4,66.0,-1.5780909429782883,0
iq,2001,20,2001-05-14,0.3153429,0.31965,0.2627,0.3034857,297.297142857,298.307142857,305.6,294.7,80.3,98.3414285714,74.08,5.64285714286,27.15201301387061,8.958020876782655,32.5,21.981364046047048,0.0,-2.572379723751852,0
iq,2001,21,2001-05-21,0.2985857,0.3796667,0.1842429,0.2685286,296.922857143,297.957142857,305.6,293.0,53.1,94.71,70.81,8.54285714286,27.4333333333,11.9333333333,34.2,20.5,64.1,-0.8507313321465044,1
iq,2001,22,2001-05-28,0.2999429,0.3029429,0.3187143,0.3874429,296.845714286,298.0,304.8,291.8,20.3,91.4657142857,90.07,8.8,27.25,12.65,34.8,20.5,32.0,0.08374108621649458,1
iq,2001,23,2001-06-04,0.3635667,0.1819143,0.2539714,0.2467286,296.691428571,297.892857143,307.6,291.5,30.63,89.4871428571,126.46,9.72857142857,26.8666666667,10.7333333333,34.0,19.8,17.0,1.106023082311886,0
iq,2001,24,2001-06-11,0.3170833,0.2989667,0.2198714,0.2173429,295.482857143,296.435714286,302.6,291.9,95.06,94.0171428571,47.13,7.27142857143,26.88,10.68,33.4,20.0,37.1,1.3214108381639538,0
iq,2001,25,2001-06-18,0.1041,0.1082429,0.05965714,0.1137571,296.0,297.321428571,305.2,291.0,13.45,88.1714285714,53.93,9.41428571429,26.4,10.05,33.2,20.5,9.9,2.270788249278216,1
iq,2001,26,2001-06-25,0.1923,0.2752857,0.3164571,0.3254143,294.845714286,296.0,306.1,288.4,1.82,79.3228571429,1.22,12.3428571429,25.283170506163863,11.171617612621077,32.3,17.1,31.0,6.331193621128375,0
iq,2001,27,2001-07-02,0.2290833,0.1932667,0.2704571,0.2421857,295.795714286,297.05,305.0,291.3,23.6,84.8571428571,52.1,8.55714285714,26.5,11.3666666667,33.2,20.0,70.1,3.494885227387165,0
iq,2001,28,2001-07-09,0.3597167,0.3110571,0.2649857,0.4388429,295.808571429,297.021428571,307.2,290.3,16.7,88.3228571429,39.09,9.7,27.35,10.95,33.5,19.5,22.3,2.563719425513385,0
iq,2001,29,2001-07-16,0.3195,0.2050857,0.1947429,0.3616333,297.555714286,298.928571429,307.9,291.1,18.0,84.2457142857,52.05,11.4285714286,26.7666666667,10.0666666667,32.8,21.0,36.8,1.6061058306496556,0
iq,2001,30,2001-07-23,0.2911571,0.2526333,0.2182,0.3259857,296.815714286,298.221428571,306.0,292.0,38.29,90.8142857143,54.52,10.2714285714,27.3666666667,11.4,34.0,21.2,25.2,0.35041829020781295,0
iq,2001,31,2001-07-30,0.2371167,0.1956167,0.1883143,0.1339,297.291428571,299.178571429,308.1,289.8,9.71,82.2257142857,27.97,12.8714285714,26.52,10.88,34.0,18.4,10.9,2.513067014299358,0
iq,2001,32,2001-08-06,0.2007571,0.2377286,0.2236429,0.2043571,298.537142857,300.135714286,308.7,291.0,0.2,66.6642857143,0.0,14.6428571429,27.1,12.175,33.5,17.8,8.640554578750766,5.2648918294704625,0
iq,2001,33,2001-08-13,0.2821714,0.2735571,0.2658571,0.3664571,298.395714286,299.785714286,309.7,292.0,0.0,69.4757142857,5.14,13.3142857143,27.125,12.25,33.4,20.0,18.0,4.420685366534219,0
iq,2001,34,2001-08-20,0.2407571,0.1931143,0.2063429,0.2469143,298.44,299.814285714,308.8,291.7,30.1,78.3885714286,9.97,12.2,27.6,11.68,34.2,20.0,47.9,1.7424603190354695,0
iq,2001,35,2001-08-27,0.2280714,0.1999857,0.2331429,0.2646429,298.751428571,300.514285714,311.2,293.0,16.9,76.9557142857,47.58,12.8,27.2,12.4666666667,35.2,20.0,31.0,2.13226811379101,0
iq,2001,36,2001-09-03,0.30695,0.2410286,0.1908714,0.3389429,298.691428571,300.521428571,311.2,291.7,39.8,81.9871428571,44.45,13.4428571429,27.375,12.15,34.3,20.8,35.1,0.4594553632900018,0
iq,2001,37,2001-09-10,0.3084571,0.2503143,0.2983,0.4290714,298.665714286,300.121428571,311.5,290.9,19.6,78.9571428571,36.2,13.7857142857,27.375,11.525,35.2,20.1,41.9,1.5635248556384416,0
iq,2001,38,2001-09-17,0.3533143,0.3439714,0.3586714,0.3530429,297.962857143,299.421428571,309.0,292.9,65.54,84.0328571429,66.4,10.9285714286,27.525,12.75,35.0,20.2,69.0,0.9130910116412979,0
iq,2001,39,2001-09-24,0.3346714,0.3886143,0.2854,0.3197714,298.707142857,300.907142857,310.4,291.7,21.9,79.3657142857,26.48,14.0428571429,27.25,11.925,33.4,20.3,13.2,1.2744113491387092,0
iq,2001,40,2001-10-01,0.3343857,0.2712857,0.2416857,0.4444,299.547142857,300.707142857,311.0,291.8,32.6,78.33,63.42,14.1285714286,28.3,13.34,35.5,20.4,14.2,0.6249828002531155,0
iq,2001,41,2001-10-08,0.4202857,0.3819571,0.4438,0.5460167,299.158571429,300.285714286,312.3,290.8,12.3,74.4185714286,58.75,11.3428571429,28.525,12.475,36.8,21.8,30.9,2.01715081275978,0
iq,2001,42,2001-10-15,0.3102,0.2971286,0.3454857,0.3820571,300.308571429,302.2,312.9,292.4,49.2,72.1628571429,77.89,12.8857142857,27.6333333333,12.5333333333,36.7,20.0,159.0,1.3469379845614173,0
iq,2001,43,2001-10-22,0.1244833,0.2392667,0.1845,0.2055714,298.584285714,300.071428571,310.6,293.9,114.36,90.2657142857,77.15,9.85714285714,28.0666666667,11.9666666667,35.0,21.0,89.1,-2.0380490939281213,0
iq,2001,44,2001-10-29,0.2108857,0.2075667,0.2066143,0.232,298.341428571,299.507142857,308.8,292.0,46.46,85.5728571429,83.53,11.2714285714,27.64,10.38,35.8,21.5,76.0,-0.19249740042809668,0
iq,2001,45,2001-11-05,0.3581429,0.2793429,0.3059714,0.3714,298.514285714,299.75,309.7,292.5,164.74,89.0042857143,34.54,10.1,27.525,11.025,34.4,21.3,35.1,-1.4318482482089636,0
iq,2001,46,2001-11-12,0.2773286,0.2303,0.2773,0.2969714,298.847142857,300.578571429,310.5,294.0,181.2,87.4814285714,61.82,9.7,28.44,10.18,34.5,21.0,43.9,-1.4186340426632091,0
iq,2001,47,2001-11-19,0.3297,0.3304167,0.3406429,0.4415714,299.12,300.485714286,309.5,294.2,56.3,88.8371428571,65.89,9.22857142857,27.575,11.575,33.7,20.8,31.0,-2.2715224761164894,1
iq,2001,48,2001-11-26,0.3015,0.3613,0.3055714,0.3699167,298.555714286,299.635714286,310.0,294.4,31.5,87.3771428571,47.46,8.01428571429,28.2333333333,11.6666666667,35.3,21.8,12.2,-0.8812875260974742,1
iq,2001,49,2001-12-03,0.3250571,0.2264714,0.2992571,0.3504714,298.754285714,300.221428571,308.5,294.6,158.5,87.24,46.86,8.87142857143,28.425,11.65,35.5,21.2,23.1,-1.1206860793565496,1
iq,2001,50,2001-12-10,0.3260333,0.2355333,0.3155714,0.3066429,298.245714286,299.592857143,305.8,293.9,72.94,96.1185714286,138.22,7.78571428571,27.84,10.96,35.0,21.0,75.0,-3.4042538639380697,2
iq,2001,51,2001-12-17,0.2229429,0.2240714,0.2128143,0.1841286,298.564285714,299.678571429,309.3,295.1,85.9,93.9471428571,43.95,7.38571428571,27.075,9.5,32.9,21.0,57.9,-2.959617419165606,4
iq,2001,52,2001-12-24,0.2981889,0.3380778,0.2887889,0.3417,298.238571429,299.35,306.7,294.7,109.64,96.3557142857,100.72,6.5,27.35,8.65,33.3,22.0,25.1,-3.410266254116362,1
iq,2002,1,2002-01-01,0.4057286,0.3484,0.3686429,0.3800143,297.132857143,297.871428571,304.5,292.5,109.8,94.5885714286,70.16,5.94285714286,27.95,9.45,33.2,23.0,45.3,-1.192217110336105,4
iq,2002,2,2002-01-08,0.3275833,0.3759167,0.4102667,0.3833333,300.012857143,301.271428571,309.8,294.8,5.5,76.6028571429,64.79,11.4,28.9666666667,11.9333333333,35.4,21.0,7.1,0.42194932041258365,11
iq,2002,3,2002-01-15,0.2410857,0.14565,0.2780286,0.1976429,299.877142857,300.907142857,309.4,291.8,4.7,75.2042857143,22.77,12.1285714286,28.8,12.7666666667,36.0,22.0,5.0,0.8695047408858481,16
iq,2002,4,2002-01-22,0.1041286,0.1483286,0.1121857,0.1419143,298.915714286,299.878571429,308.7,293.2,19.91,81.5271428571,121.07,10.2142857143,27.94,11.8,35.8,21.0,18.0,0.14518039869442412,23
iq,2002,5,2002-01-29,0.25337632366301754,0.23854798749603034,0.240801141738615,0.2559405721681407,296.858571429,297.9,304.2,294.1,43.12,96.2671428571,59.4,5.22857142857,26.3,9.7,32.5,20.8,120.2,-1.2972523841667976,12
iq,2002,6,2002-02-05,0.1849167,0.1733286,0.1687429,0.1844286,295.912857143,296.692857143,304.2,292.0,69.96,96.6414285714,4.68,5.18571428571,26.625,9.725,34.0,20.8,70.4,0.027250722968218635,14
iq,2002,7,2002-02-12,0.2919714,0.2241429,0.3051,0.3732714,297.847142857,299.292857143,304.7,294.5,33.3,93.4385714286,104.37,7.7,27.85,10.725,33.6,20.8,62.8,-1.908557235290202,18
iq,2002,8,2002-02-19,0.1288,0.1224333,0.09594286,0.1251714,297.695714286,299.021428571,305.5,293.9,49.43,92.05,37.46,7.72857142857,27.02,9.78,33.5,21.0,14.0,-1.2851694573404293,8
iq,2002,9,2002-02-26,0.1162,0.1787429,0.08991429,0.2104143,297.062857143,298.192857143,305.0,294.5,201.2,97.1571428571,80.14,5.81428571429,26.7,9.6,32.2,20.5,47.6,-1.8722212351420335,7
iq,2002,10,2002-03-05,0.3183667,0.2556,0.266,0.2973833,298.54,299.957142857,308.8,294.5,160.1,91.2214285714,92.84,8.97142857143,27.85,13.2,35.7,21.0,48.3,-2.169377105348874,10
iq,2002,11,2002-03-12,0.2483857,0.1795,0.2698143,0.2992333,298.358571429,300.15,309.2,293.8,46.9,89.7785714286,41.96,9.41428571429,26.95,10.45,34.5,21.6,9.1,-1.4437373549219226,7
iq,2002,12,2002-03-19,0.2265857,0.2483333,0.2302,0.2435143,297.951428571,299.242857143,305.8,294.1,92.4,94.1657142857,61.18,7.37142857143,26.95,11.775,33.3,20.6,76.8,-2.305644373994491,10
iq,2002,13,2002-03-26,0.2127857,0.27455,0.1987,0.2284571,296.407142857,297.214285714,303.6,293.9,127.9,98.4571428571,110.42,4.4,26.1,10.3,32.3,20.7,49.0,-1.2700415712764315,5
iq,2002,14,2002-04-02,0.19708,0.2962286,0.1805,0.2763286,297.174285714,298.064285714,303.9,294.5,122.3,97.7757142857,94.01,6.18571428571,27.3,10.4,32.5,20.2,20.1,-2.2238956415380757,11
iq,2002,15,2002-04-09,0.2698286,0.1968143,0.2025857,0.2662857,296.862857143,297.7,303.3,294.1,187.8,97.2442857143,75.98,5.14285714286,26.3,9.4,31.4,20.8,13.0,-1.618564416654191,8
iq,2002,16,2002-04-16,0.26935,0.2121571,0.1889286,0.1949429,297.764285714,298.921428571,305.0,294.4,49.8,92.6157142857,109.49,6.72857142857,27.2,13.0,34.6,20.3,84.17523385266668,-1.5934707956964873,18
iq,2002,17,2002-04-23,0.2678429,0.2614143,0.2485,0.2669286,297.584285714,298.814285714,305.2,293.9,96.1,95.2514285714,45.59,7.31428571429,27.2666666667,10.7,33.3,21.7,53.9,-2.0236745363925213,13
iq,2002,18,2002-04-30,0.1703571,0.1418286,0.1977286,0.2570714,297.408571429,298.55,303.8,292.8,52.6,93.8457142857,60.05,7.5,27.43082626043413,9.988124220703,33.5,21.2,1.0,-1.4407989966190655,9
iq,2002,19,2002-05-07,0.2272571,0.1782429,0.1773857,0.2101143,297.355714286,298.435714286,304.4,293.0,66.85,95.22,101.3,8.04285714286,27.5,11.525,34.0,21.3,25.4,-1.750897723186452,22
iq,2002,20,2002-05-14,0.1338,0.1096333,0.2196143,0.1417,296.784285714,297.585714286,303.7,293.9,93.4,97.2428571429,46.79,5.08571428571,26.8666666667,9.7,32.3,20.8,543.3,-1.395134297798716,10
iq,2002,21,2002-05-21,0.1921143,0.1776429,0.2308571,0.2222,297.05,298.621428571,306.2,292.7,32.3,94.8042857143,51.25,8.5,27.7,12.15,33.8,20.8,9.1,-1.1427250504082254,5
iq,2002,22,2002-05-28,0.1764571,0.1749143,0.1881571,0.2386286,297.557142857,298.714285714,305.9,292.4,58.02,93.7885714286,41.54,7.65714285714,26.325,9.775,32.3,20.8,146.7,-1.486143891085472,13
iq,2002,23,2002-06-04,0.3204714,0.2780857,0.2377286,0.3431857,296.267142857,297.085714286,305.3,291.5,19.12,94.3457142857,72.76,8.74285714286,27.3,11.6333333333,34.3,20.7,28.0,-0.012304675336370436,2
iq,2002,24,2002-06-11,0.3862667,0.2591333,0.3284143,0.3916286,297.257142857,298.971428571,305.8,293.4,39.48,94.1442857143,69.62,8.97142857143,27.8,11.5,34.0,20.7,1.0,-1.2396016689286353,11
iq,2002,25,2002-06-18,0.2212714,0.1735143,0.2119714,0.2252143,296.807142857,297.514285714,306.4,288.4,22.95,85.7371428571,39.16,10.7142857143,26.2333333333,8.73333333333,33.0,18.8,31.0,1.914019528778933,11
iq,2002,26,2002-06-25,0.1791714,0.2791,0.1326143,0.2132857,295.808571429,296.907142857,305.3,290.0,14.1,82.1671428571,3.18,10.7285714286,26.15,10.8,32.6,18.6,7.1,4.224611426146358,3
iq,2002,27,2002-07-02,0.1015429,0.1266,0.1193571,0.07624286,294.635714286,294.892857143,305.1,287.4,6.2,85.5657142857,3.27,8.7,26.275,9.5,32.6,20.7,5.1,4.768280445239578,7
iq,2002,28,2002-07-09,0.21602,0.2350667,0.1511857,0.2129714,295.882857143,297.035714286,307.1,291.2,8.7,85.6728571429,5.71,8.78571428571,26.1333333333,10.6333333333,32.3,20.3,26.3,3.2374010477918276,7
iq,2002,29,2002-07-16,0.1080429,0.07298571,0.1112286,0.1179714,296.442857143,297.742857143,306.3,290.6,8.3,84.6685714286,63.0,11.1714285714,25.4,9.0,30.1,20.1,0.0,2.720286423469089,4
iq,2002,30,2002-07-23,0.2225,0.2631,0.2489857,0.3464714,296.875714286,298.3,307.4,288.3,12.41,83.4971428571,65.55,11.9714285714,27.8,11.6,33.6,19.5,68.1,2.5737626888462395,5
iq,2002,31,2002-07-30,0.3870143,0.2601714,0.3492714,0.2830571,297.161428571,298.728571429,308.5,292.8,23.33,87.0342857143,89.93,10.6,26.7,11.14,33.8,19.3,35.6,0.9142901275699175,6
iq,2002,32,2002-08-06,0.3041167,0.2788429,0.3074571,0.3378429,296.795714286,298.642857143,308.0,289.1,5.44,80.47,14.34,13.4571428571,27.25,12.8,34.0,20.2,0.0,3.58671598697311,7
iq,2002,33,2002-08-13,0.3771571,0.3059,0.2884,0.3608429,298.304285714,299.335714286,308.9,290.8,1.7,69.06,9.81,14.3857142857,27.8333333333,12.2333333333,35.1,20.6,7.1,4.858844251126115,7
iq,2002,34,2002-08-20,0.345425,0.31354,0.29505,0.3092667,296.184285714,296.735714286,308.6,288.8,5.61,82.1414285714,31.71,12.7571428571,26.671750315368584,10.360616238954591,33.1,20.8,70.6,3.885640172120863,4
iq,2002,35,2002-08-27,0.3045429,0.2694429,0.2508571,0.3224714,298.412857143,299.985714286,310.3,291.6,10.7,77.7657142857,38.8,12.8,27.4,11.15,35.1,20.9,24.1,1.913023924264733,9
iq,2002,36,2002-09-03,0.2290143,0.1319714,0.2494571,0.1908857,299.395714286,300.678571429,310.5,293.9,13.1,77.0828571429,81.85,11.9285714286,27.4,10.475,33.3,21.7,17.0,1.0090689360560252,17
iq,2002,37,2002-09-10,0.3075429,0.2941714,0.3234,0.1907714,299.015714286,300.207142857,310.0,290.0,3.2,73.1414285714,25.36,14.0428571429,28.2333333333,13.2333333333,35.9,19.9,89.9,2.853479660239311,8
iq,2002,38,2002-09-17,0.3274143,0.3472571,0.3386714,0.3838714,300.32,301.042857143,311.2,291.8,0.8,64.6885714286,11.49,16.0285714286,28.9,12.7,36.6,21.5,0.8,4.063056715796974,22
iq,2002,39,2002-09-24,0.2379833,0.3084286,0.2681143,0.3200429,299.238571429,301.114285714,312.6,291.5,41.1,79.5628571429,38.56,13.1714285714,27.9,12.2,36.0,20.4,86.9,0.9879745436903657,18
iq,2002,40,2002-10-01,0.2721143,0.1793667,0.3142429,0.2741714,299.654285714,301.235714286,313.2,291.8,24.1,74.25,70.98,13.7571428571,29.2,14.1333333333,37.7,21.7,74.2,1.797923434543418,21
iq,2002,41,2002-10-08,0.37815,0.3857833,0.2314286,0.2459333,298.717142857,300.55,310.6,293.4,34.4,85.1371428571,70.22,12.5285714286,28.075,11.45,34.6,21.8,79.8,-0.622468556368249,16
iq,2002,42,2002-10-15,0.1992714,0.1592429,0.2581286,0.2277143,298.297142857,299.714285714,308.8,292.1,40.7,86.9985714286,21.96,10.6571428571,28.0,11.6333333333,34.2,22.0,4.5,-0.5509181441940755,31
iq,2002,43,2002-10-22,0.2278714,0.2144571,0.2997714,0.2229429,297.331428571,298.15,304.5,292.5,35.4,87.7171428571,48.94,8.5,27.95,10.3,36.0,21.8,167.8,0.38269434463466545,25
iq,2002,44,2002-10-29,0.3290857,0.2862143,0.2940571,0.3159286,298.518571429,300.242857143,307.3,294.9,39.7,91.9442857143,89.77,9.02857142857,28.0801163600732,10.306694636425675,34.1,22.5,34.1,-2.4826564655012184,28
iq,2002,45,2002-11-05,0.3071429,0.27695,0.2879286,0.3642857,297.537142857,298.657142857,306.5,293.9,124.2,95.2857142857,95.47,6.51428571429,28.3,11.0,33.8,22.6,63.9,-2.0591602976037366,26
iq,2002,46,2002-11-12,0.2368333,0.2021571,0.2095143,0.1620286,297.165714286,298.021428571,306.6,293.9,91.33,96.0471428571,91.36,5.47142857143,27.6,10.7,33.6,21.4,212.6,-1.582218725837704,18
iq,2002,47,2002-11-19,0.2506143,0.2791333,0.2156333,0.2982667,297.375714286,298.828571429,305.9,294.4,85.8,96.84,61.69,7.4,27.35,8.9,33.5,21.7,77.0,-2.2662537231655446,27
iq,2002,48,2002-11-26,0.3109286,0.2852286,0.2907286,0.2563286,298.35,299.892857143,309.5,292.0,56.92,93.3957142857,60.15,10.3857142857,28.1,10.55,34.0,22.0,17.2,-2.7332004875422435,11
iq,2002,49,2002-12-03,0.3008,0.2528,0.3449571,0.3483286,298.324285714,299.657142857,306.8,294.3,49.2,90.6628571429,49.69,8.0,28.5,9.75,33.7,22.9,46.0,-1.837905517221712,38
iq,2002,50,2002-12-10,0.2680286,0.1424286,0.2886714,0.1850714,297.884285714,298.95,307.4,294.2,30.89,92.6142857143,35.02,7.92857142857,27.65,9.45,34.0,22.9,57.2,-1.69848668762882,29
iq,2002,51,2002-12-17,0.2542286,0.1839143,0.2707143,0.2090286,297.818571429,299.057142857,306.0,294.8,24.3,93.8457142857,25.73,6.85714285714,27.98,8.72,34.0,23.3,24.0,-2.0480632839905994,21
iq,2002,52,2002-12-24,0.1194,0.1364,0.1718286,0.1895857,297.872857143,299.171428571,305.7,293.8,54.7,93.4085714286,151.73,8.0,27.975,10.65,33.8,21.9,137.9,-2.031804119136083,11
iq,2003,1,2003-01-01,0.3234143,0.3004143,0.3291857,0.3184286,299.375714286,300.821428571,308.6,293.1,28.3,84.06,46.91,12.1,28.45,9.95,34.4,22.4,92.9,-0.941779689300986,10
iq,2003,2,2003-01-08,0.4884,0.4024429,0.4149286,0.4697,297.684285714,299.171428571,308.6,291.5,33.6,91.56,11.77,8.42857142857,28.9333333333,10.2,35.0,22.1,35.1,-1.0245143348284511,5
iq,2003,3,2003-01-15,0.303,0.1694667,0.2915429,0.3012857,296.92,298.614285714,305.2,293.4,27.9,94.3742857143,60.46,7.74285714286,28.0,9.5,33.3,22.5,164.4,-0.9466511100204016,6
iq,2003,4,2003-01-22,0.2249571,0.2602714,0.2069286,0.2895,298.125714286,299.564285714,307.7,291.6,8.8,84.46,84.05,10.2714285714,28.4,10.6,34.2,23.0,67.1,0.33729130369847415,2
iq,2003,5,2003-01-29,0.1660286,0.1406286,0.1913857,0.1834429,299.487142857,300.242857143,310.0,292.5,6.26,74.8842857143,35.05,11.7714285714,28.6,12.0,35.4,22.5,7.9,1.6876219783501873,1
iq,2003,6,2003-02-05,0.19145,0.08642857,0.1368,0.1567143,297.218571429,298.4,304.9,292.0,170.6,94.5528571429,56.36,7.45714285714,26.6,7.0,33.8,22.4,41.9,-1.4702626764930766,2
iq,2003,7,2003-02-12,0.3137143,0.2284143,0.2521143,0.2864714,296.585714286,297.671428571,302.9,293.2,38.7,94.3542857143,70.63,6.02857142857,26.75,8.35,33.2,22.4,55.9,-0.38389116947937085,2
iq,2003,8,2003-02-19,0.1262571,0.1355143,0.1036571,0.1337143,298.567142857,300.1,308.6,292.5,41.1,89.9742857143,25.03,10.8857142857,27.563147816188977,8.729297530926644,32.4,23.3,121.9,-1.711662129306891,3
iq,2003,9,2003-02-26,0.2976,0.2366333,0.22915,0.2072833,299.35,300.514285714,308.6,294.4,53.6,86.0128571429,132.2,9.11428571429,29.4,11.2,35.0,22.9,0.0,-1.7409804435325666,5
iq,2003,10,2003-03-05,0.1695286,0.1389571,0.2340571,0.1851429,297.508571429,298.892857143,306.6,294.3,134.46,92.4685714286,63.71,7.9,27.95,9.1,32.9,22.9,5.0,-1.0255390126131068,1
iq,2003,11,2003-03-12,0.2,0.1902857,0.1589429,0.1636286,296.68,297.635714286,305.9,292.4,186.8,96.1714285714,47.97,6.24285714286,26.7,7.5,32.0,22.1,98.4,-1.0356985675491337,4
iq,2003,12,2003-03-19,0.2142143,0.2251571,0.2191714,0.2485,297.892857143,299.171428571,308.9,293.4,362.03,93.6285714286,109.04,8.34285714286,27.6,9.9,33.5,22.7,61.9,-2.045994547297763,2
iq,2003,13,2003-03-26,0.1475286,0.2694571,0.1268571,0.2059143,298.644285714,300.392857143,308.1,294.3,44.5,91.5942857143,93.61,9.47142857143,30.8,15.8,42.2,21.8,75.9,-2.341110753307349,4
iq,2003,14,2003-04-02,0.2482,0.2627714,0.2065,0.2886857,298.077142857,299.642857143,307.5,292.9,44.72,93.0142857143,89.38,9.34285714286,28.26,9.96,34.2,22.6,75.0,-2.071301370970892,0
iq,2003,15,2003-04-09,0.2052429,0.1842,0.1931286,0.2087857,298.082857143,298.971428571,305.9,293.9,86.23,96.27,78.59,7.02857142857,28.175,9.675,34.5,22.9,79.0,-3.143346775546642,0
iq,2003,16,2003-04-16,0.2668286,0.2182286,0.1998714,0.2621429,296.747142857,297.521428571,304.0,293.2,43.85,95.9928571429,51.14,4.75714285714,27.72,8.48,34.2,22.4,49.0,-1.083073435544356,0
iq,2003,17,2003-04-23,0.3234429,0.2531714,0.2852286,0.2931,297.992857143,299.478571429,306.3,293.4,56.6,92.5471428571,77.34,8.38571428571,28.2,10.45,33.9,21.8,82.9,-1.8844882914134127,0
iq,2003,18,2003-04-30,0.4350571,0.3769143,0.2636143,0.3348429,296.691428571,297.585714286,304.5,294.0,247.6,97.2771428571,65.43,5.08571428571,27.2,8.33333333333,32.9,22.7,105.9,-1.3123221244647525,1
iq,2003,19,2003-05-07,0.1994286,0.1501,0.1834667,0.1477,296.454285714,297.964285714,305.2,292.9,59.5,96.14,138.05,7.15714285714,28.35,9.31666666667,33.6,23.4,69.0,-0.6607473103760841,1
iq,2003,20,2003-05-14,0.2454286,0.1847,0.2614571,0.2688857,294.922857143,295.242857143,301.5,290.1,95.3,98.1328571429,84.16,4.77142857143,27.0,8.8,32.5,22.0,246.2,0.9473970389643124,1
iq,2003,21,2003-05-21,0.1892571,0.16695,0.1843,0.1707429,295.878571429,296.835714286,304.1,291.6,34.56,95.8542857143,23.7,6.75714285714,27.4666666667,8.9,32.5,22.3,145.8,0.3121492268683387,1
iq,2003,22,2003-05-28,0.2411429,0.1987,0.2537286,0.2544571,297.648571429,298.971428571,306.1,293.3,113.8,92.4614285714,166.52,9.31428571429,27.7,8.72,35.0,22.4,187.9,-1.2062912461198216,1
iq,2003,23,2003-06-04,0.2369571,0.1213143,0.1923143,0.2074,296.591428571,297.757142857,303.9,294.2,40.7,97.6171428571,70.25,5.51428571429,27.2,8.15,33.4,22.4,72.1,-1.262810682567505,2
iq,2003,24,2003-06-11,0.3135857,0.3539833,0.2658571,0.2809143,296.837142857,297.807142857,303.4,292.8,61.8,96.2228571429,98.72,7.07142857143,27.7,9.575,33.2,21.6,107.0,-1.2679534519104874,3
iq,2003,25,2003-06-18,0.3237,0.2755,0.3547571,0.2723143,296.008571429,296.757142857,304.9,291.0,5.56,90.0485714286,47.15,8.91428571429,27.525,10.725,33.5,21.8,40.4,1.7939629691864074,4
iq,2003,26,2003-06-25,0.1882571,0.2322667,0.1737714,0.1928,295.387142857,296.357142857,303.7,291.8,38.1,95.5757142857,88.88,6.54285714286,26.95,9.45,32.7,21.9,93.5,1.0355361110863506,6
iq,2003,27,2003-07-02,0.2618143,0.1715857,0.3099429,0.2584286,295.128571429,295.992857143,305.5,291.7,42.5,94.1271428571,61.09,6.5,25.8666666667,7.5,33.8,21.7,79.3,1.7283861832517526,2
iq,2003,28,2003-07-09,0.1802714,0.1629714,0.1541286,0.1611,296.942857143,298.307142857,307.3,291.4,13.55,86.6557142857,53.58,10.1,27.075,10.875,33.2,20.7,1.5,1.5698279769712689,2
iq,2003,29,2003-07-16,0.1935714,0.16885,0.1590857,0.2314714,296.79,298.171428571,306.6,287.3,27.06,85.6114285714,65.2,12.0,27.6666666667,10.8333333333,33.4,17.4,23.8,2.1580956820114445,5
iq,2003,30,2003-07-23,0.2858143,0.1630714,0.2880286,0.2774571,296.485714286,298.042857143,305.4,289.2,6.39,77.8042857143,2.64,11.4285714286,26.4666666667,10.3666666667,32.1,18.0,9.9,4.6549799143179955,1
iq,2003,31,2003-07-30,0.2077857,0.1562143,0.1743286,0.2188143,296.822857143,298.357142857,306.9,291.2,12.0,82.27,24.64,10.3142857143,27.225,9.9,32.4,21.3,69.1,2.9152097031681157,1
iq,2003,32,2003-08-06,0.2443714,0.1746429,0.2174143,0.2323,297.658571429,298.55,308.2,290.8,6.5,77.8614285714,89.28,12.6428571429,27.85,11.2,34.2,21.3,117.0,3.0847873945514985,0
iq,2003,33,2003-08-13,0.2471143,0.1711143,0.2337429,0.2638,297.338571429,298.271428571,307.0,291.3,21.0,83.9271428571,52.47,10.6571428571,27.4,10.05,34.4,21.7,79.0,1.6162750768867302,0
iq,2003,34,2003-08-20,0.4252429,0.3624833,0.3566143,0.3855286,297.365714286,298.857142857,308.1,292.0,35.1,81.9428571429,45.38,10.0571428571,27.75,11.9,34.0,20.0,18.3,2.4545951333947005,0
iq,2003,35,2003-08-27,0.2495857,0.2122,0.2508143,0.2652143,297.875714286,299.671428571,306.6,291.2,18.03,85.7257142857,29.51,10.8857142857,28.0,12.1,34.4,21.4,95.7,0.43426483192374277,0
iq,2003,36,2003-09-03,0.3417,0.2863143,0.2101857,0.2659857,297.381428571,298.442857143,309.5,289.1,33.5,70.9285714286,8.84,12.7714285714,26.65,11.9,33.9,18.5,0.8,5.708656082115557,2
iq,2003,37,2003-09-10,0.2232286,0.2028714,0.1952571,0.2701857,298.831428571,300.192857143,310.2,292.0,6.0,76.5328571429,36.42,12.6714285714,27.8333333333,12.3,34.3,21.0,53.1,1.8514683195509813,0
iq,2003,38,2003-09-17,0.3644857,0.2609857,0.3164571,0.3851571,296.948571429,297.707142857,310.6,288.2,115.2,85.03,55.73,10.7571428571,27.8,11.6,35.3,16.8,92.3,2.118792250993745,3
iq,2003,39,2003-09-24,0.4011857,0.3545167,0.3276714,0.3920429,298.144285714,299.292857143,307.9,293.0,53.36,88.1171428571,100.55,9.47142857143,28.0333333333,10.6333333333,34.7,21.8,27.2,-0.7122887250984458,0
iq,2003,40,2003-10-01,0.2535,0.2371143,0.2290286,0.2321714,299.357142857,300.7,310.6,292.9,253.3,83.6828571429,74.6,11.6,28.575,12.175,35.5,21.8,34.5,-0.910605841026849,0
iq,2003,41,2003-10-08,0.1760286,0.1963833,0.2257571,0.2349286,297.915714286,299.885714286,309.0,292.5,42.5,92.1657142857,38.3,11.2,27.2,9.35,35.7,22.3,138.2,-1.5802565901506909,0
iq,2003,42,2003-10-15,0.2758286,0.2288429,0.2752,0.2871143,298.162857143,299.35,305.6,293.8,34.6,90.3428571429,44.16,8.52857142857,28.3,10.65,34.4,22.9,36.0,-1.4186146599901022,2
iq,2003,43,2003-10-22,0.4750143,0.3795,0.4249429,0.4324429,298.957142857,300.678571429,311.2,294.6,41.2,87.37,39.52,9.95714285714,27.975,10.475,34.5,20.7,32.1,-1.5047334505880345,2
iq,2003,44,2003-10-29,0.1345143,0.1314714,0.1153571,0.1212714,300.041428571,300.842857143,310.1,292.3,6.1,77.7842857143,32.47,12.0857142857,28.7333333333,11.1333333333,35.5,22.8,56.4,-0.12456114657497984,3
iq,2003,45,2003-11-05,0.3946571,0.3269571,0.3912143,0.4190429,298.135714286,299.957142857,310.8,292.3,85.3,88.48,105.14,9.42857142857,27.6,9.56666666667,34.0,21.9,139.7,-0.8046331085190489,3
iq,2003,46,2003-11-12,0.3176857,0.3246,0.2498,0.3244714,298.367142857,300.171428571,308.4,290.9,36.4,86.7557142857,31.08,10.6285714286,28.5,10.85,35.5,20.8,79.0,-0.6692645340501254,3
iq,2003,47,2003-11-19,0.2636429,0.2816571,0.2466667,0.3012571,298.681428571,300.107142857,307.0,294.8,40.8,90.8828571429,123.63,9.04285714286,27.9,10.55,36.0,22.4,284.4,-2.2006575553325733,1
iq,2003,48,2003-11-26,0.2749,0.2452,0.3094571,0.2953286,299.222857143,299.607142857,308.5,294.3,51.4,86.9957142857,81.27,9.07142857143,28.3,10.2333333333,34.7,22.0,26.2,-1.9857931146161332,2
iq,2003,49,2003-12-03,0.4003429,0.3180571,0.3287714,0.3696429,298.315714286,299.735714286,309.4,293.5,77.83,89.2071428571,72.23,9.7,28.7666666667,10.1666666667,35.1,22.0,138.0,-1.3358315599265134,3
iq,2003,50,2003-12-10,0.3586286,0.24435,0.3519,0.3588,298.685714286,300.25,306.4,294.8,178.89,93.2314285714,108.62,8.27142857143,28.4,11.7,34.2,22.5,47.4,-3.1495723683693133,6
iq,2003,51,2003-12-17,0.1926667,0.2244,0.1361143,0.1363143,298.168571429,299.542857143,308.5,294.1,65.04,93.9171428571,64.95,8.34285714286,28.3,10.45,34.8,22.1,66.8,-2.398742085943452,5
iq,2003,52,2003-12-24,0.2850778,0.2306556,0.2676444,0.2647778,296.297142857,297.05,302.6,294.3,82.68,96.9371428571,49.42,4.18571428571,27.3,9.6,33.1,22.3,185.7,-0.6101433543308299,1
iq,2004,1,2004-01-01,0.2025714,0.1989667,0.2445571,0.1879571,297.8705576531464,299.1245638737952,307.02444855966,292.8703956105552,57.68344929706973,88.65705058112712,64.26972662447997,9.180162569834096,27.497418421718066,10.506666247891502,33.97056921150989,21.23078292709991,62.43487627605697,-0.42370203702034814,4
iq,2004,2,2004-01-08,0.24942,0.30885,0.2086286,0.2590143,297.437142857,298.742857143,304.0,294.9,55.3,95.7942857143,78.53,6.2,27.4333333333,8.66666666667,34.2,22.4,137.2,-2.051040406161182,5
iq,2004,3,2004-01-15,0.32786,0.29844,0.30672,0.34024,297.752857143,298.957142857,306.2,294.5,62.5,96.1285714286,63.47,6.82857142857,28.7,9.9,34.1,23.1,68.1,-2.645255235533573,8
iq,2004,4,2004-01-22,0.3205857,0.3365286,0.2566,0.3441143,299.62,300.828571429,308.3,293.6,19.4,82.4671428571,29.23,11.2285714286,28.7333333333,11.4,34.6,21.8,20.1,-0.9822531636095381,5
iq,2004,5,2004-01-29,0.2330143,0.2351857,0.1964857,0.2055429,300.9,302.15,309.7,293.2,1.6,65.2842857143,4.65,13.6428571429,28.925,12.125,35.6,22.3,0.0,3.2599510720187106,2
iq,2004,6,2004-02-05,0.1235429,0.0993,0.1128571,0.1172,299.902857143,301.371428571,309.8,293.2,9.0,72.9271428571,13.2,14.0857142857,29.2,13.525,36.4,20.6,24.1,1.7229817560245708,3
iq,2004,7,2004-02-12,0.2787429,0.2987571,0.3127143,0.3048286,298.27,299.55,307.2,294.8,33.46,86.7657142857,24.83,8.5,27.925,9.5,33.3,22.8,13.4,-0.5809994782491581,3
iq,2004,8,2004-02-19,0.2366286,0.1670429,0.1970286,0.2225143,298.081428571,299.75,310.1,292.6,34.5,87.7185714286,39.06,9.72857142857,26.6,8.1,35.5,22.0,8.6,-0.6073697435746662,1
iq,2004,9,2004-02-26,0.3190571,0.3352333,0.2176286,0.3000286,297.882857143,299.435714286,308.0,294.3,83.27,93.0128571429,125.04,7.81428571429,27.4666666667,10.1333333333,34.4,20.6,18.9,-1.6307636364911284,6
iq,2004,10,2004-03-04,0.2094714,0.2086571,0.1715,0.1935714,297.981428571,299.428571429,308.1,293.2,49.36,92.5614285714,52.08,9.08571428571,28.4,11.3,34.5,22.3,79.0,-1.8086744221035418,4
iq,2004,11,2004-03-11,0.3076833,0.2140167,0.33865,0.3110429,296.777142857,297.521428571,304.4,293.5,76.75,96.2885714286,80.33,5.24285714286,28.0,11.0,33.5,22.5,24.1,-1.1921589644989745,1
iq,2004,12,2004-03-18,0.3859857,0.4247833,0.3514143,0.3465286,297.887142857,299.535714286,305.5,292.9,75.16,93.6285714286,137.83,9.78571428571,28.3,9.5,34.3,21.7,187.2,-2.0349072242819335,2
iq,2004,13,2004-03-25,0.3062833,0.19872,0.02988,0.29015,297.312857143,298.2,303.5,294.0,76.2,96.2385714286,120.1,5.71428571429,28.65,9.3,34.0,23.6,142.6,-2.016734378838128,3
iq,2004,14,2004-04-01,0.136,0.138,0.1862333,0.1294333,297.202857143,298.264285714,303.9,293.8,88.9,97.9414285714,101.22,5.21428571429,28.0666666667,9.1,33.9,22.7,2.0,-2.328950298041873,1
iq,2004,15,2004-04-08,0.3592143,0.3348429,0.2791571,0.3612714,297.812857143,298.978571429,305.6,294.2,135.4,96.4985714286,47.26,6.27142857143,27.65,9.5,33.1,22.3,4.0,-2.8350163639202095,8
iq,2004,16,2004-04-15,0.2441857,0.1958286,0.1747,0.1882286,298.217142857,299.65,308.4,292.9,54.89,92.32,61.8,8.98571428571,28.0333333333,10.3666666667,33.6,21.7,36.9,-2.088594904207333,4
iq,2004,17,2004-04-22,0.3742857,0.3308,0.2340333,0.2549429,297.78,298.514285714,304.0,293.9,90.3,94.7885714286,113.62,6.0,28.0,10.65,34.5,22.5,39.6,-2.2541417231398517,6
iq,2004,18,2004-04-29,0.27884,0.1637667,0.1911833,0.3266286,297.127142857,297.828571429,303.5,293.6,133.17,97.8085714286,65.82,5.02857142857,27.5333333333,8.66666666667,32.9,22.6,148.5,-2.161189376768179,7
iq,2004,19,2004-05-06,0.1575667,0.1215429,0.1904143,0.1225333,297.798571429,299.128571429,305.9,293.1,56.52,95.1157142857,83.93,8.71428571429,27.2333333333,9.93333333333,33.3,22.0,97.0,-2.372459040358138,5
iq,2004,20,2004-05-13,0.1716667,0.1522333,0.1598333,0.1769,296.414285714,297.214285714,303.4,292.6,45.5,93.8971428571,34.81,5.77142857143,27.3,8.4,33.0,19.5,91.8,-0.039476724358971,8
iq,2004,21,2004-05-20,0.2254667,0.18515,0.1942,0.2483167,297.602857143,299.178571429,308.2,292.0,83.0,91.6271428571,173.45,9.1,26.65,7.4,34.2,22.5,296.9,-0.8690495430965107,6
iq,2004,22,2004-05-27,0.1903143,0.07784286,0.1931714,0.1023286,297.305714286,298.328571429,306.4,291.7,42.6,93.5757142857,35.43,9.62857142857,27.08134505197043,10.194404964031165,33.3,20.5,28.2,-1.0365972623585185,5
iq,2004,23,2004-06-03,0.1073,0.1170667,0.1967857,0.1106143,296.767142857,297.821428571,304.1,292.8,36.63,94.6928571429,88.62,8.18571428571,27.5,9.5,32.8,19.8,203.0,-0.6486159283810236,6
iq,2004,24,2004-06-10,0.2378429,0.2350833,0.1669571,0.2119714,295.574285714,296.25,300.0,293.0,51.89,96.8757142857,85.28,5.04285714286,26.8,8.56666666667,32.0,20.9,87.9,0.41232277128058004,6
iq,2004,25,2004-06-17,0.3329571,0.191,0.2340429,0.3255143,296.204285714,297.321428571,306.0,292.1,24.5,92.3714285714,94.52,7.78571428571,25.9,8.4,33.3,21.5,43.2,0.812328885543613,13
iq,2004,26,2004-06-24,0.2392333,0.1535429,0.1328286,0.1970429,295.634285714,296.814285714,304.2,289.8,25.9,90.4471428571,32.95,8.4,25.075,9.075,32.1,18.6,98.5,1.9941259284948731,2
iq,2004,27,2004-07-01,0.2572143,0.3249286,0.1978,0.1967571,296.151428571,297.585714286,304.4,291.8,50.7,94.6685714286,46.39,8.45714285714,25.9,8.15,30.9,21.1,170.1,0.3091430321310407,10
iq,2004,28,2004-07-08,0.3175571,0.3013857,0.2793714,0.3355429,296.617142857,298.085714286,305.1,291.8,18.67,90.9057142857,83.94,9.48571428571,26.55,8.85,32.0,21.8,43.2,0.6547275199096425,3
iq,2004,29,2004-07-15,0.2328286,0.2737667,0.2338,0.1532429,297.501428571,298.935714286,306.9,291.4,24.76,85.1585714286,48.09,11.2142857143,26.8,11.7,33.1,20.5,31.0,1.2545380252594764,12
iq,2004,30,2004-07-22,0.2679429,0.2995,0.2177,0.2849857,296.812857143,298.114285714,304.4,291.8,25.42,90.9285714286,53.78,10.2,26.3,8.8,32.1,21.9,103.1,0.3646668641355334,7
iq,2004,31,2004-07-29,0.2089,0.1555,0.2203,0.2542571,296.017142857,297.292857143,306.1,291.7,27.62,92.5271428571,85.96,8.84285714286,26.354229085586958,10.381515569984558,32.9,19.4,6.0,1.0929057871746446,6
iq,2004,32,2004-08-05,0.2489,0.2659571,0.2185286,0.2375571,297.517142857,298.964285714,307.4,291.0,3.9,79.7185714286,29.82,12.1571428571,26.695050725646027,11.979829948243164,34.0,18.3,55.1,2.937268056118149,5
iq,2004,33,2004-08-12,0.1910714,0.227,0.1685286,0.2957,296.53,297.635714286,307.2,288.1,4.1,79.2357142857,18.44,12.1857142857,25.980814037566283,9.447179024236007,31.3,20.0,0.5,4.203810334891022,6
iq,2004,34,2004-08-19,0.3931286,0.3286429,0.2767714,0.3885143,297.82,299.985714286,308.3,290.2,7.9,78.4814285714,23.78,14.2857142857,27.531557168892267,10.87706412795687,33.6754293225874,21.7,0.5,2.5524382831589367,6
iq,2004,35,2004-08-26,0.3113,0.2609286,0.2330143,0.2997857,298.142857143,299.807142857,310.1,291.1,23.2,83.1728571429,42.86,12.5285714286,26.90019436280745,10.502145237730886,32.8,20.4,0.0,0.9534869575817526,6
iq,2004,36,2004-09-02,0.3343571,0.3720286,0.3420143,0.2845857,297.771428571,299.378571429,307.8,291.7,41.89,86.54,147.32,11.1285714286,27.1,9.8,32.0,20.9,195.1,0.36765367690342354,8
iq,2004,37,2004-09-09,0.1302667,0.15128,0.1108143,0.1174857,298.457142857,300.514285714,308.2,294.7,35.7,88.7428571429,46.58,10.2857142857,27.4,8.7,34.3,23.0,23.2,-1.267963143211537,6
iq,2004,38,2004-09-16,0.2680714,0.2102286,0.2273429,0.32515,297.721428571,299.064285714,308.9,293.3,59.5,91.2,36.64,8.92857142857,27.1666666667,9.5,33.0,20.4,87.3,-0.9386765841551352,9
iq,2004,39,2004-09-23,0.3915333,0.3207286,0.1595857,0.3325286,298.628571429,299.971428571,309.8,292.4,6.9,79.5571428571,48.68,13.2,28.0,13.5,34.7,18.8,20.1,1.2080133969048659,12
iq,2004,40,2004-09-30,0.2754571,0.2193,0.2612571,0.3283857,299.17,300.914285714,310.6,293.8,70.02,84.8071428571,85.69,11.6571428571,28.65,13.1,35.5,21.8,40.1,-1.2973977497440827,19
iq,2004,41,2004-10-07,0.2614714,0.1862429,0.3057286,0.2577429,297.568571429,298.742857143,305.5,292.7,39.9,88.8257142857,52.27,8.82857142857,26.975,10.875,33.0,20.6,27.9,-0.10312044780601823,8
iq,2004,42,2004-10-14,0.3523286,0.2841714,0.3764143,0.3553429,298.057142857,299.264285714,307.2,293.3,51.6,94.16,65.25,8.35714285714,28.55,11.3,34.5,21.4,120.6,-2.419950199956532,16
iq,2004,43,2004-10-21,0.2538429,0.1996667,0.3036857,0.2235571,299.428571429,300.921428571,309.6,292.8,23.1,85.0657142857,35.61,13.1571428571,27.7,9.55,35.6,22.4,13.0,-1.5590581673676098,21
iq,2004,44,2004-10-28,0.2953286,0.2312286,0.2604,0.3197714,298.441428571,299.942857143,312.3,292.2,48.5,87.87,74.01,12.3142857143,27.4,10.0,35.8,21.3,89.9,-1.0267962743077665,6
iq,2004,45,2004-11-04,0.4148857,0.3245571,0.2727429,0.3656714,299.504285714,300.785714286,309.2,294.3,67.0,84.8271428571,91.63,10.6571428571,28.35,12.35,34.9,21.8,101.4,-1.408619852600729,22
iq,2004,46,2004-11-11,0.3466857,0.3154143,0.2708571,0.3742,297.168571429,297.707142857,304.2,292.4,53.9,96.3542857143,74.68,5.92857142857,27.2,8.9,33.7,22.4,184.2,-1.8480650721577385,37
iq,2004,47,2004-11-18,0.2278714,0.1945,0.1909143,0.2095571,299.418571429,301.235714286,309.3,293.6,26.8,84.6114285714,74.08,11.6428571429,28.25,11.0,35.8,22.5,107.4,-1.303613651336754,33
iq,2004,48,2004-11-25,0.2153167,0.1672857,0.2026286,0.2191286,297.958571429,299.2,306.1,293.6,56.8,95.2514285714,71.98,7.91428571429,28.0,10.36,35.3,22.6,77.0,-2.646270221946131,18
iq,2004,49,2004-12-02,0.2019429,0.1593667,0.1590429,0.2410857,299.177142857,300.378571429,309.5,293.3,36.83,87.13,53.01,10.9571428571,27.9,11.0,34.1,22.4,64.0,-1.808781023109405,83
iq,2004,50,2004-12-09,0.3234286,0.3095143,0.2758286,0.3359,297.787142857,298.835714286,305.8,294.5,91.0,93.9385714286,70.04,6.5,27.711682881083874,10.176500718971695,34.03546020158699,21.79492638241237,9.9,-1.9722978691457622,116
iq,2004,51,2004-12-16,0.2611429,0.2033143,0.2437429,0.2363571,298.701428571,300.035714286,308.5,293.8,38.0,88.78,49.56,10.2142857143,28.375,9.65,34.0,22.6,128.3,-1.7208454624017846,32
iq,2004,52,2004-12-23,0.3648625,0.3266,0.4031125,0.3162,298.404285714,299.657142857,306.3,294.8,29.79,93.2528571429,109.83,8.22857142857,27.8,8.5,33.3,22.6,100.8,-2.8191351486240745,7
iq,2005,53,2005-01-01,0.26384921589511023,0.23878243511100106,0.25010828286050046,0.26675790614318773,297.869534801801,299.13299214607815,307.0823796751919,292.86671345474036,57.61018869174268,88.63919835416141,64.24583957298069,9.206618591494902,27.506499656440003,10.54882312338907,33.99568162375247,21.20259259314551,62.19895221522188,-0.4219876113407395,9
iq,2005,1,2005-01-08,0.3148429,0.1866286,0.3033,0.2704,298.162857143,300.007142857,307.9,293.5,61.61,93.0057142857,70.6,9.75714285714,28.5,9.1,33.2,23.0,74.9,-2.185519977896478,10
iq,2005,2,2005-01-15,0.3044143,0.3612571,0.3126,0.3156286,297.662857143,298.842857143,307.6,291.6,96.21,95.53,93.73,7.22857142857,28.4,10.4,34.2,22.5,232.1,-2.2229775655340736,5
iq,2005,3,2005-01-22,0.3459333,0.3118,0.291,0.3379714,300.068571429,301.564285714,308.7,295.0,26.7,83.3,60.52,11.3571428571,28.8666666667,11.1666666667,35.5,22.5,194.0,-2.0128585626329105,8
iq,2005,4,2005-01-29,0.3643667,0.2779143,0.2925571,0.2806857,299.648571429,301.107142857,308.1,294.9,42.24,87.3128571429,25.67,9.98571428571,28.8666666667,12.0666666667,35.1,22.1,0.0,-2.535222557233486,7
iq,2005,5,2005-02-05,0.1582286,0.16725,0.1518143,0.1266,299.061428571,300.828571429,308.4,295.3,47.3,89.4271428571,88.96,9.34285714286,28.525,10.725,35.4,22.2,3.8,-2.5110276303814283,8
iq,2005,6,2005-02-12,0.2151857,0.1728143,0.2623,0.2283571,296.752857143,297.692857143,304.4,294.2,56.8,95.9771428571,52.61,5.18571428571,27.4666666667,8.73333333333,32.8,21.4,70.4,-1.1165292239304552,11
iq,2005,7,2005-02-19,0.1995,0.2024571,0.2189,0.1806857,298.027142857,299.164285714,304.6,294.5,189.06,95.7485714286,125.35,6.98571428571,27.5,9.5,32.3,22.3,350.9,-2.953459663410028,6
iq,2005,8,2005-02-26,0.2011,0.2081429,0.2812143,0.2109,298.295714286,299.285714286,306.5,294.4,39.6,91.5771428571,46.98,7.85714285714,28.65,10.9,35.2,22.4,84.1,-1.9461214246373626,7
iq,2005,9,2005-03-05,0.2937167,0.2696167,0.2308,0.2771,298.158571429,299.392857143,305.9,294.4,44.51,94.4014285714,54.22,8.01428571429,28.2666666667,9.2,33.8,23.3,19.0,-2.676545376747271,7
iq,2005,10,2005-03-12,0.1558429,0.1370833,0.2418714,0.1464286,297.957142857,298.685714286,304.9,295.6,201.4,97.6871428571,155.54,4.82857142857,26.8,6.7,34.8,23.4,8.6,-3.4020300709995865,14
iq,2005,11,2005-03-19,0.2515167,0.1817667,0.1545286,0.2099571,297.314285714,298.678571429,304.5,291.9,21.7,92.2671428571,162.51,7.81428571429,28.7,9.85,33.8,22.5,146.1,-0.8881307739470116,7
iq,2005,12,2005-03-26,0.2150714,0.2127,0.1209286,0.2354286,298.37,299.828571429,306.6,294.7,32.8,89.82,99.37,9.34285714286,27.72,8.96,33.4,22.5,108.8,-1.4700397824055935,9
iq,2005,13,2005-04-02,0.3816857,0.3683143,0.3837714,0.3666571,297.37,298.585714286,308.6,293.0,67.5,93.8014285714,55.12,7.62857142857,28.25,10.85,34.3,20.8,73.9,-1.21638296462145,13
iq,2005,14,2005-04-09,0.3091143,0.2173571,0.3001,0.2446571,297.708571429,299.0,306.5,292.4,68.0,92.4171428571,87.41,8.45714285714,28.1,10.85,33.8,21.6,71.1,-1.510745841470027,16
iq,2005,15,2005-04-16,0.1869333,0.1447571,0.1957429,0.1824286,297.701428571,298.464285714,304.0,295.0,90.2,97.3228571429,40.03,6.41428571429,27.65,9.35,32.9,22.5,3.6,-2.896746406849015,7
iq,2005,16,2005-04-23,0.2082833,0.1649167,0.2776667,0.1962667,297.437142857,298.192857143,306.4,294.0,178.2,97.3814285714,37.6,5.35714285714,28.85,10.05,34.0,22.7,105.6,-2.521824222171631,9
iq,2005,17,2005-04-30,0.2141,0.2315333,0.1616857,0.2017714,297.927142857,298.864285714,303.9,294.1,54.9,97.1628571429,78.8,6.64285714286,28.6,9.1,33.8,23.7,14.5,-3.2272902276711246,2
iq,2005,18,2005-05-07,0.1465333,0.1345833,0.1343143,0.1880571,297.33,298.435714286,304.8,293.3,64.1,95.9371428571,33.29,6.1,25.8,7.5,33.5,21.0,13.0,-1.9550334091797392,13
iq,2005,19,2005-05-14,0.2484333,0.2341,0.2020667,0.1930667,298.684285714,299.721428571,306.7,293.6,54.89,88.2942857143,49.07,9.27142857143,27.9,11.6,34.6,21.0,28.0,-1.6186322537923314,8
iq,2005,20,2005-05-21,0.2700857,0.1737571,0.2104571,0.2297429,297.532857143,298.342857143,304.9,293.6,49.1,93.9185714286,56.22,7.54285714286,27.821277615837097,8.88488961219393,33.2,23.6,95.9,-1.6388544546632686,3
iq,2005,21,2005-05-28,0.3118143,0.3585429,0.2806571,0.2474571,299.005714286,300.614285714,308.1,294.0,21.1,84.6585714286,43.14,10.9428571429,27.4,8.7,33.6,22.4,37.9,-0.862051239072375,5
iq,2005,22,2005-06-04,0.3782857,0.3693714,0.3631857,0.3612429,298.434285714,299.478571429,307.3,292.7,34.92,86.7014285714,61.75,10.0142857143,27.57148013756567,10.722869289875135,33.9,20.9,78.9,-0.6264122104863541,4
iq,2005,23,2005-06-11,0.1395143,0.1401,0.14235,0.1185429,297.304285714,298.485714286,303.9,293.7,51.0,94.5928571429,40.44,7.17142857143,27.1,9.16666666667,32.4,22.0,19.5,-1.430620059080982,8
iq,2005,24,2005-06-18,0.2890857,0.2256429,0.2247143,0.2651286,297.377142857,298.621428571,304.8,293.4,29.01,89.1942857143,104.83,8.52857142857,27.6666666667,9.83333333333,33.3,22.0,73.7,-0.10714162965957141,2
iq,2005,25,2005-06-25,0.2915571,0.2460714,0.3518571,0.2604571,297.857142857,299.057142857,307.7,291.9,11.0,84.4671428571,50.88,10.4857142857,27.35,9.55,32.8,22.4,89.2,0.8342418736200574,3
iq,2005,26,2005-07-02,0.2747143,0.1780143,0.2843143,0.2271714,296.82,298.492857143,307.4,292.4,26.6,88.3871428571,23.6,10.7285714286,26.8333333333,8.76666666667,33.7,20.8,92.0,1.2071728486363111,5
iq,2005,27,2005-07-09,0.2008,0.2010667,0.1622667,0.2214,297.865714286,299.421428571,308.3,290.4,23.91,84.6928571429,43.24,11.1,27.8,10.7,34.5,21.6,40.9,1.0080345669703623,7
iq,2005,28,2005-07-16,0.3869286,0.3350571,0.3298429,0.4413429,296.988571429,297.592857143,308.2,288.3,8.7,77.3728571429,109.71,11.8142857143,27.8,11.1333333333,34.2,17.6,167.1,4.1246898483172245,3
iq,2005,29,2005-07-23,0.1680286,0.1343286,0.1865571,0.1472571,297.794285714,298.928571429,307.7,287.5,8.9,75.6971428571,27.33,13.5142857143,26.55,12.7,33.8,18.2,0.0,3.779095669237614,5
iq,2005,30,2005-07-30,0.3474857,0.2537,0.2769571,0.3653143,296.898571429,298.014285714,306.3,290.1,15.3,84.2385714286,42.32,10.0857142857,21.4,5.7,32.3,18.5,71.1,2.109088173351547,6
iq,2005,31,2005-08-06,0.3286857,0.3132571,0.2262143,0.2740143,298.221428571,299.728571429,308.2,292.6,8.64,75.5714285714,0.0,11.4857142857,26.25,10.6,32.3,19.2,0.0,3.074569693074682,5
iq,2005,32,2005-08-13,0.2826429,0.2270286,0.2825571,0.239,298.925714286,300.335714286,309.7,293.5,1.99,74.8557142857,38.17,12.1857142857,27.325,11.85,33.5,19.8,36.6,2.2646498754920428,5
iq,2005,33,2005-08-20,0.2669857,0.2939286,0.336,0.2924857,299.605714286,300.428571429,310.5,290.7,6.0,64.6585714286,17.85,14.2,26.282184226743908,12.074799213752513,32.8,17.3,69.6,4.682914983170043,4
iq,2005,34,2005-08-27,0.3288,0.2715571,0.2723,0.3005,298.428571429,299.678571429,309.0,292.9,15.82,83.8542857143,69.62,10.8142857143,27.75,13.1,35.0,20.3,127.0,0.42927711882636377,0
iq,2005,35,2005-09-03,0.4568333,0.3595833,0.35945,0.3801167,298.184285714,299.371428571,308.6,292.4,11.0,79.6471428571,12.81,10.9428571429,26.8,10.25,35.2,21.4,37.0,1.8706949152039802,0
iq,2005,36,2005-09-10,0.3354286,0.2007143,0.3228857,0.3091429,300.058571429,301.214285714,309.3,293.4,4.2,71.9714285714,36.98,13.7142857143,28.296237907950854,11.892288148223727,34.8910000132686,21.8,44.0,1.745427749833993,0
iq,2005,37,2005-09-17,0.2394286,0.2148714,0.2390429,0.2276,298.88,299.807142857,307.3,292.9,35.3,83.73,18.66,9.92857142857,27.98845544824183,10.981995675169728,34.512206528455245,21.42546386718334,1.3,-0.6285778576587966,0
iq,2005,38,2005-09-24,0.1845667,0.1952571,0.1543857,0.2124833,298.498571429,299.764285714,309.1,292.4,13.7,76.5957142857,2.56,11.7857142857,25.7666666667,12.2333333333,34.3,16.9,38.1,2.387906449935234,0
iq,2005,39,2005-10-01,0.4054167,0.4287714,0.3706,0.4210857,301.175714286,302.928571429,314.0,294.8,4.2,67.2128571429,29.8,14.8285714286,28.65,13.5,37.1,20.7,15.579903452559279,2.05632826080221,2
iq,2005,40,2005-10-08,0.3321571,0.3463667,0.2586143,0.3210429,299.11,300.25,312.7,292.1,4.6,74.9528571429,54.7,12.3571428571,28.8,14.9,36.3,21.0,80.8,1.880699414669111,4
iq,2005,41,2005-10-15,0.3734286,0.2774833,0.3742286,0.3522714,299.515714286,300.857142857,313.2,293.2,22.2,75.5085714286,60.0,11.6857142857,28.5,11.8,37.0,22.3,233.2,1.1958529416393915,4
iq,2005,42,2005-10-22,0.3072571,0.2782143,0.3548286,0.2869571,299.578571429,301.192857143,310.5,291.9,35.08,81.6914285714,73.97,12.2428571429,29.1,12.7,36.5,21.7,64.0,-0.8440237592769446,3
iq,2005,43,2005-10-29,0.3635571,0.3000429,0.2898286,0.3261429,298.065714286,299.164285714,307.4,294.0,59.7,89.1428571429,100.06,8.64285714286,28.3,10.95,34.3,21.3,235.2,-0.8305963510157224,3
iq,2005,44,2005-11-05,0.1875714,0.2133714,0.1718571,0.1789571,299.458571429,301.478571429,308.6,294.9,49.85,87.2314285714,59.15,10.7857142857,28.2333333333,10.3,34.3,21.8,102.1,-2.378752470389997,5
iq,2005,45,2005-11-12,0.3938,0.2986286,0.4019857,0.4103714,298.6,300.078571429,309.4,292.9,143.8,89.31,75.36,9.7,28.092044465842292,10.728168618920918,34.6,22.3,8.9,-1.6560607688632507,6
iq,2005,46,2005-11-19,0.4424286,0.3481714,0.3430714,0.4731429,298.31,300.092857143,307.2,295.0,45.0,93.1771428571,49.87,8.55714285714,27.6,10.15,34.5,21.5,139.5,-2.4654307694029183,14
iq,2005,47,2005-11-26,0.2825714,0.2206,0.2882143,0.2400857,299.412857143,300.628571429,309.1,295.2,63.53,90.3485714286,72.34,8.91428571429,28.5,11.0,35.0,21.8,5.1,-3.250693061423324,3
iq,2005,48,2005-12-03,0.3178143,0.3027,0.3369429,0.4171286,299.42,300.45,307.6,294.1,34.95,86.4085714286,78.52,9.72857142857,28.2666666667,11.4,34.3,21.7,77.9,-2.0684599230765506,7
iq,2005,49,2005-12-10,0.3585857,0.2194857,0.2579143,0.2992714,299.217142857,300.707142857,308.4,295.4,71.8,87.7214285714,60.5,9.1,28.1,12.5,34.8,21.5,54.1,-2.1422535108623144,11
iq,2005,50,2005-12-17,0.1984429,0.1941,0.1930143,0.247,298.574285714,300.257142857,307.0,295.4,46.9,92.9571428571,46.91,8.2,28.1,11.55,34.0,22.3,6.0,-2.928317587283589,2
iq,2005,51,2005-12-24,0.180575,0.1413333,0.2552833,0.1383714,298.021428571,299.371428571,304.4,295.5,113.36,95.6742857143,151.0,6.48571428571,28.3,9.9,33.6,22.9,81.1,-2.9100187582319004,6
iq,2006,52,2006-01-01,0.3546,0.21995,0.3225167,0.2563333,298.181428571,299.578571429,306.5,294.9,210.5,93.8214285714,114.58,7.38571428571,27.45,9.7,32.7,22.4,273.5,-2.49459402738295,8
iq,2006,1,2006-01-08,0.1995143,0.2393429,0.2276571,0.2155,298.832857143,299.642857143,307.8,292.4,15.2,73.1614285714,38.78,12.3142857143,27.382751403103914,12.1183238442227,34.5,19.7,70.1,3.24503638796644,25
iq,2006,2,2006-01-15,0.2284,0.2020714,0.19475,0.23035,298.728571429,300.3,307.7,293.5,47.6,88.3357142857,138.46,9.88571428571,27.78,11.0,34.5,21.4,60.1,-1.8001113138491698,21
iq,2006,3,2006-01-22,0.1743,0.1336429,0.1117571,0.1944286,298.46,300.114285714,307.3,295.0,52.2,89.9557142857,88.85,9.14285714286,27.63509913449973,10.482633434987335,33.8,21.5,54.8,-1.6055731044211705,10
iq,2006,4,2006-01-29,0.1517667,0.1377,0.1478,0.1607833,297.188571429,298.292857143,304.8,294.4,52.2,93.1142857143,49.32,6.21428571429,27.3,8.95,33.5,22.3,250.9,-0.8125010333784525,28
iq,2006,5,2006-02-05,0.3791143,0.3053286,0.3459714,0.3715714,297.165714286,298.221428571,302.7,294.3,63.98,97.32,34.17,5.52857142857,27.488529358047565,9.679232830063299,33.7,21.5,118.9,-2.064167392670481,39
iq,2006,6,2006-02-12,0.2568143,0.13605,0.1978286,0.2583143,297.64,298.378571429,304.2,294.0,67.0,95.8271428571,71.87,5.78571428571,28.0,8.8,32.6,23.6,101.1,-2.304639078882942,20
iq,2006,7,2006-02-19,0.3827,0.2506,0.2436571,0.2856,297.064285714,298.142857143,305.2,292.8,33.0,91.0985714286,44.35,7.28571428571,28.6,8.9,33.8,24.2,0.0,-0.21138481039044166,24
iq,2006,8,2006-02-26,0.2621143,0.1248,0.2153571,0.1447857,298.938571429,300.778571429,308.3,292.9,72.2,86.0314285714,23.44,10.7857142857,28.24,10.64,34.3,21.3,0.3,-1.113716848602829,28
iq,2006,9,2006-03-05,0.1786667,0.1959333,0.1412667,0.1282833,298.252857143,299.871428571,306.9,295.1,50.38,92.6057142857,79.13,8.02857142857,27.4333333333,9.56666666667,32.9,21.9,26.9,-2.244040313969868,26
iq,2006,10,2006-03-12,0.4246286,0.4113,0.3731857,0.3158571,297.925714286,299.107142857,304.0,294.7,130.6,96.36,94.99,6.41428571429,28.0,9.55,33.3,21.9,93.0,-2.9119421301222013,8
iq,2006,11,2006-03-19,0.1924286,0.1158857,0.1940571,0.1712714,297.931428571,299.007142857,305.3,294.5,58.83,93.3471428571,121.69,7.01428571429,27.975,9.2,33.7,22.4,16.0,-1.9722494139770297,9
iq,2006,12,2006-03-26,0.2885667,0.17954,0.2972714,0.2236429,297.494285714,298.785714286,305.3,292.5,70.0,93.7871428571,120.62,7.34285714286,27.4,8.7,32.3,23.0,97.0,-1.566163072397606,12
iq,2006,13,2006-04-02,0.24505,0.18885,0.2235333,0.1816667,298.04,299.235714286,304.9,294.8,88.81,95.0242857143,121.46,6.95714285714,28.3,10.0,33.7,22.0,53.9,-2.6936547805387008,18
iq,2006,14,2006-04-09,0.2416714,0.2054,0.1560143,0.2833143,297.774285714,299.442857143,308.3,293.8,87.9,91.8114285714,41.68,9.57142857143,27.9333333333,10.2666666667,33.7,22.6,178.1,-1.1770795329000094,9
iq,2006,15,2006-04-16,0.3011286,0.2650571,0.2553143,0.2626857,297.825714286,298.814285714,305.5,292.9,66.46,95.51,75.33,7.42857142857,28.3,10.3,33.9,21.4,49.0,-2.608068996448494,9
iq,2006,16,2006-04-23,0.3309,0.2654714,0.3195571,0.2849429,298.061428571,299.178571429,306.4,293.9,54.86,92.1114285714,69.6,7.44285714286,27.4,8.35,32.8,22.5,11.9,-1.8015598257725358,6
iq,2006,17,2006-04-30,0.2055714,0.23605,0.1919143,0.1393714,296.85,297.707142857,305.3,291.7,39.6,90.8642857143,74.93,7.75714285714,27.0,8.46666666667,33.5,19.5,34.0,0.2706413848104721,6
iq,2006,18,2006-05-07,0.1516,0.0846,0.1763143,0.1137286,297.63,299.021428571,306.3,293.6,38.84,93.6357142857,65.07,8.41428571429,27.85,9.1,33.3,22.5,115.0,-1.6650308992427183,8
iq,2006,19,2006-05-14,0.2866571,0.1871571,0.2665143,0.2874571,296.184285714,297.557142857,304.3,291.8,70.0,96.0985714286,127.24,6.62857142857,24.3,5.2,32.3,21.7,270.9,-0.30923765145568466,5
iq,2006,20,2006-05-21,0.3392857,0.3482857,0.3158286,0.3745714,296.054285714,296.914285714,305.6,287.2,0.1,72.0342857143,1.52,12.3714285714,25.2,11.7,31.7,19.4,2.0,6.9226904149222825,7
iq,2006,21,2006-05-28,0.2065143,0.1171429,0.1692714,0.1700714,297.992857143,299.114285714,307.7,288.8,12.47,80.3857142857,91.4,10.8857142857,27.4666666667,10.4333333333,34.0,21.7,83.0,1.9478894600027752,6
iq,2006,22,2006-06-04,0.09837143,0.1010667,0.1863143,0.09775,295.987142857,297.171428571,304.1,291.3,44.65,92.5057142857,79.48,6.88571428571,25.6,8.93333333333,31.9,19.3,150.2,0.9970635370361957,5
iq,2006,23,2006-06-11,0.3404429,0.1908571,0.3513429,0.2586143,297.044285714,298.564285714,307.2,292.3,37.6,93.4757142857,130.66,8.9,26.2,8.6,33.0,21.5,105.2,-0.635430796034594,3
iq,2006,24,2006-06-18,0.1732714,0.185,0.1369286,0.1680429,297.427142857,298.135714286,307.2,290.3,21.5,87.2142857143,84.99,10.0714285714,28.1,12.7,34.4,21.4,79.5,0.6959058675778619,1
iq,2006,25,2006-06-25,0.22138,0.22336,0.3714167,0.22146,296.724285714,297.978571429,306.3,289.5,27.29,88.4714285714,71.69,10.7857142857,26.6,10.35,32.5,20.4,74.9,1.354459603088608,0
iq,2006,26,2006-07-02,0.3118571,0.2039333,0.3360286,0.3046286,296.851428571,297.614285714,307.2,289.2,9.16,83.4671428571,17.21,10.7428571429,27.2,10.3,33.4,19.8,21.9,2.44346904651115,1
iq,2006,27,2006-07-09,0.3201714,0.2081,0.2921143,0.2326857,296.448571429,297.914285714,304.8,292.6,13.62,90.4328571429,20.72,7.97142857143,26.7,9.4,33.0,21.7,110.6,0.9861409615670224,2
iq,2006,28,2006-07-16,0.3499857,0.2920429,0.2884571,0.2949167,297.621428571,298.857142857,306.7,292.1,1.8,77.2714285714,1.17,11.4285714286,26.25,10.4,33.1,20.6,0.5,3.353329823892287,3
iq,2006,29,2006-07-23,0.3602857,0.341,0.3629571,0.3211286,297.397142857,299.085714286,307.3,291.8,40.0,85.14,54.72,11.0,27.4,12.125,34.1,19.9,47.0,1.375658025800641,2
iq,2006,30,2006-07-30,0.3186857,0.3523429,0.3766429,0.2859,297.504285714,298.742857143,307.7,289.7,15.4,79.7428571429,28.66,11.7142857143,26.6,11.04,32.6,18.5,11.4,2.7238908911928377,2
iq,2006,31,2006-08-06,0.2016857,0.1625571,0.2003286,0.2015571,297.51,299.342857143,308.4,292.7,38.07,88.7071428571,44.96,11.2285714286,27.225,11.625,34.2,19.7,4.0,0.06053207257766748,2
iq,2006,32,2006-08-13,0.4397857,0.3675857,0.3333143,0.3809857,297.5,299.514285714,308.9,291.0,12.39,79.2428571429,11.79,12.2285714286,27.6,12.2,33.9,19.4,26.6,3.0271657525837923,2
iq,2006,33,2006-08-20,0.2908,0.238675,0.2856571,0.3337,298.648571429,300.635714286,307.9,294.6,22.19,84.62,47.74,10.2714285714,27.6666666667,10.4333333333,33.3,20.9,75.5,-0.43751101226666955,2
iq,2006,34,2006-08-27,0.2736429,0.2089429,0.2408857,0.2427571,298.735714286,299.735714286,308.7,292.5,23.6,83.0471428571,68.6,11.2714285714,27.3,10.3,34.9,20.9,71.1,0.11090344464182732,4
iq,2006,35,2006-09-03,0.3097833,0.3501286,0.2846833,0.3948167,298.28,299.9,310.0,293.1,22.24,85.3728571429,68.0,11.1714285714,26.5,10.0333333333,33.2,20.3,176.0,-0.04047232880216148,0
iq,2006,36,2006-09-10,0.2277857,0.2833143,0.2443714,0.2834143,299.265714286,300.35,310.3,290.2,9.4,75.53,90.33,13.7285714286,27.42,12.0,34.1,20.6,15.3,1.8614534363430053,6
iq,2006,37,2006-09-17,0.28004,0.2367167,0.2361833,0.25855,297.802857143,299.164285714,308.7,291.9,16.4,77.2542857143,111.87,11.3285714286,28.35,11.85,35.0,17.8,0.5,3.049204723564418,3
iq,2006,38,2006-09-24,0.3807286,0.3783667,0.3023,0.3075714,299.34,300.857142857,311.2,291.5,35.7,77.5142857143,82.2,13.7428571429,27.9333333333,10.9333333333,34.8,21.4,93.9,1.2250452728897971,2
iq,2006,39,2006-10-01,0.4655,0.2415429,0.4734,0.4934429,299.381428571,300.685714286,308.6,294.3,44.62,82.8457142857,134.64,11.2857142857,28.5666666667,12.4,35.2,22.0,63.0,-0.7072041022962532,6
iq,2006,40,2006-10-08,0.35495,0.2479333,0.3508143,0.3139167,299.465714286,300.435714286,310.3,292.0,24.8,80.49,60.48,12.7857142857,28.7,14.5,35.9,21.1,68.9,0.06635064257150115,2
iq,2006,41,2006-10-15,0.1556167,0.19152,0.2151857,0.1546143,299.345714286,301.028571429,309.5,293.8,29.5,86.8528571429,41.69,12.0571428571,28.06,10.1,33.7,22.1,162.6,-2.2674722209925213,7
iq,2006,42,2006-10-22,0.3215,0.2769,0.2100857,0.3337571,299.648571429,301.014285714,308.1,295.7,55.5,90.3785714286,103.77,8.57142857143,28.6,10.1,35.4,22.8,8.1,-3.7962757610347864,4
iq,2006,43,2006-10-29,0.4882286,0.3681429,0.4377429,0.3788286,298.794285714,300.414285714,308.3,294.0,54.8,89.7,55.94,9.34285714286,27.56,10.42,33.8,19.8,143.3,-2.1077148988544687,6
iq,2006,44,2006-11-05,0.3603286,0.2740143,0.3477143,0.3247857,300.467142857,301.878571429,309.8,295.1,42.73,82.9342857143,67.5,11.6142857143,28.8333333333,11.2666666667,35.7,22.0,14.0,-2.489877662838128,6
iq,2006,45,2006-11-12,0.2951286,0.2463857,0.3020714,0.277,299.432857143,300.914285714,307.8,295.3,68.0,92.0885714286,80.25,8.2,28.25,9.55,33.9,22.4,108.7,-3.955027788061288,2
iq,2006,46,2006-11-19,0.3191429,0.1862857,0.2737,0.2470286,297.295714286,298.435714286,304.5,293.5,87.2,94.44,86.65,7.35714285714,27.6,10.1666666667,33.2,21.8,85.6,-1.4145547142688262,13
iq,2006,47,2006-11-26,0.3405571,0.2662571,0.3427286,0.3283857,298.098571429,299.557142857,307.3,294.7,61.43,94.3028571429,43.59,7.37142857143,27.0,9.0,32.3,22.5,205.3,-2.5512588287752274,10
iq,2006,48,2006-12-03,0.1504714,0.1515714,0.1926,0.1557286,299.197142857,300.935714286,309.1,294.0,61.28,89.55,75.33,10.7571428571,27.9,9.03333333333,34.9,22.9,115.1,-2.6454684382489986,5
iq,2006,49,2006-12-10,0.4470833,0.3015143,0.3405714,0.4276,298.202857143,299.2,304.6,294.6,95.02,96.7957142857,99.89,6.91428571429,28.4,8.8,33.7,23.2,10.9,-3.5659151759970156,2
iq,2006,50,2006-12-17,0.3785,0.3020333,0.3492286,0.4147857,298.158571429,299.071428571,304.4,294.2,63.0,95.8757142857,157.75,6.4,28.000947327411343,9.541683160844514,33.8,22.543458032457096,128.72541435845574,-3.16166498579295,0
iq,2006,51,2006-12-24,0.32782,0.26192,0.3814667,0.35295,297.68,298.985714286,306.7,294.3,80.2,95.0785714286,111.48,6.54285714286,27.633060643124686,8.667590252428568,32.9,23.5,104.04929373498726,-2.186447745272578,1
iq,2007,1,2007-01-01,0.2201167,0.1589571,0.1905714,0.1324,297.288571429,298.207142857,306.3,293.2,88.9,95.9271428571,79.94,7.41428571429,26.6,7.95,31.9,21.5,133.4,-1.8874266497162697,0
iq,2007,2,2007-01-08,0.1732857,0.2069333,0.1343,0.2379571,297.104285714,298.578571429,304.6,294.6,144.59,96.2385714286,37.06,6.72857142857,26.825,7.725,31.7,22.9,61.5,-1.6680467859847627,14
iq,2007,3,2007-01-15,0.2719,0.2938,0.2094143,0.2523,297.387142857,298.435714286,305.5,293.3,52.2,94.6471428571,126.89,7.04285714286,27.775,9.55,33.4,22.2,178.0,-1.6771816638398758,6
iq,2007,4,2007-01-22,0.1936714,0.1394714,0.2619,0.3068571,297.614285714,298.45,303.7,294.9,180.99,96.9971428571,95.47,5.52857142857,27.7,9.12,33.6,22.0,149.9,-2.6320216480184104,10
iq,2007,5,2007-01-29,0.1744143,0.1805,0.1590714,0.2003143,298.144285714,299.614285714,307.8,294.3,65.1,93.1357142857,83.7,9.0,27.725,10.3,35.0,22.3,60.3,-2.260212259787887,5
iq,2007,6,2007-02-05,0.3175,0.4014857,0.3285429,0.4429286,298.33,299.685714286,309.7,293.4,11.7,87.53,61.8,10.7142857143,28.6,10.9,35.4,22.4,9.9,-0.7780399498808023,12
iq,2007,7,2007-02-12,0.2858,0.2957,0.2570286,0.3195714,299.171428571,300.285714286,308.7,291.4,2.1,75.8042857143,14.19,11.2285714286,28.85,13.0333333333,36.7,21.4,61.3,1.5251395006957935,9
iq,2007,8,2007-02-19,0.2570143,0.1182333,0.1790857,0.2372286,300.565714286,302.178571429,310.2,294.4,11.55,72.4457142857,25.7,13.1857142857,28.74,13.36,36.2,21.2,0.0,1.3486384623642331,5
iq,2007,9,2007-02-26,0.1735,0.1996333,0.1745,0.1659167,299.058571429,300.635714286,309.2,291.5,35.33,78.5857142857,55.56,11.5571428571,28.56,13.34,35.8,20.4,28.0,1.189113724911014,11
iq,2007,10,2007-03-05,0.216,0.2136,0.1889143,0.2275286,297.45,298.714285714,305.8,293.4,227.25,94.3485714286,117.07,7.37142857143,27.3,9.9,33.0,21.9,205.3,-1.5812425032928719,2
iq,2007,11,2007-03-12,0.3033167,0.2850333,0.2571429,0.2926143,296.951428571,298.1,303.8,293.8,51.3,96.5228571429,55.47,6.11428571429,28.0,10.1,33.1,21.7,138.0,-1.5488695384574287,6
iq,2007,12,2007-03-19,0.21324,0.2231286,0.2643714,0.2218286,297.684285714,298.728571429,305.4,292.6,59.2,90.8585714286,150.33,8.17142857143,27.0,10.65,33.9,21.7,252.7,-0.9670283671369848,7
iq,2007,13,2007-03-26,0.2386714,0.2447429,0.2162286,0.2591857,297.835714286,299.15,307.2,292.8,58.4,93.5857142857,93.14,8.24285714286,28.25,9.6,34.6,21.5,66.1,-1.9673198474204836,6
iq,2007,14,2007-04-02,0.2381,0.1912,0.2749571,0.2738,297.717142857,298.807142857,305.5,294.3,238.2,95.82,97.04,6.61428571429,27.2666666667,8.83333333333,34.0,22.6,94.3,-2.491645977779043,5
iq,2007,15,2007-04-09,0.1525167,0.1494857,0.2294143,0.1575571,297.555714286,298.592857143,304.1,292.4,147.57,95.5271428571,98.94,6.72857142857,27.85,8.85,34.4,21.3,60.4,-2.1389953495418674,9
iq,2007,16,2007-04-16,0.1430857,0.2071571,0.1684571,0.2743143,297.031428571,298.092857143,304.8,292.0,46.45,94.7214285714,93.62,7.52857142857,27.4,9.5,33.5,22.1,97.1,-1.1123432945302085,5
iq,2007,17,2007-04-23,0.2713714,0.1836571,0.203,0.3006,297.342857143,298.278571429,304.9,292.9,62.3,95.5257142857,157.86,7.3,27.0333333333,7.76666666667,34.1,22.0,261.7,-1.848954075666116,8
iq,2007,18,2007-04-30,0.1947143,0.1541,0.2957143,0.1730857,297.225714286,298.071428571,304.7,293.6,47.24,93.47,103.39,7.37142857143,27.85,9.75,33.0,21.0,118.2,-1.0377188497769398,3
iq,2007,19,2007-05-07,0.1582571,0.1622857,0.1830714,0.2322714,296.905714286,298.221428571,306.6,291.7,56.1,95.0371428571,89.15,9.35714285714,28.1,9.2,33.5,21.5,38.1,-1.1408985889264793,4
iq,2007,20,2007-05-14,0.1701857,0.1714,0.162,0.2290714,295.595714286,296.5,304.4,290.7,86.9,91.8328571429,45.23,8.31428571429,28.1,8.7,32.5,19.0,191.4,1.6480375074789215,11
iq,2007,21,2007-05-21,0.3646143,0.2568286,0.3299,0.3496857,297.232857143,298.707142857,307.3,292.5,65.6,94.8528571429,64.11,8.95714285714,28.25,10.55,33.8,21.7,86.6,-1.339668612335056,5
iq,2007,22,2007-05-28,0.09005714,0.08222857,0.1110571,0.06474286,296.178571429,297.185714286,306.8,286.9,29.1,89.28,76.68,10.2,24.7,10.6333333333,32.8,17.5,61.8,1.5649830581591155,8
iq,2007,23,2007-06-04,0.2085,0.25695,0.2148833,0.2338571,296.861428571,298.242857143,305.2,292.1,33.48,91.72,39.11,9.0,26.5,9.7,31.3,20.4,0.5,0.025211058842057352,4
iq,2007,24,2007-06-11,0.3420714,0.2853,0.3405571,0.3012286,296.65,298.171428571,304.8,290.3,30.9,91.4585714286,54.78,9.91428571429,26.6,9.65,32.6,20.7,12.9,0.47788017524587106,3
iq,2007,25,2007-06-18,0.1667,0.1207857,0.1729714,0.1659,296.118571429,297.385714286,304.4,292.8,70.3,94.0657142857,78.83,6.88571428571,25.9666666667,7.6,32.0,21.2,126.0,0.42336163905662627,1
iq,2007,26,2007-06-25,0.1534571,0.1744571,0.2022143,0.1292571,296.571428571,298.014285714,305.0,292.7,22.8,92.6714285714,11.41,8.77142857143,26.5666666667,8.63333333333,31.7,20.7,10.2,0.12940578440419256,2
iq,2007,27,2007-07-02,0.1814429,0.2692286,0.1934571,0.2099429,296.828571429,298.114285714,305.8,290.2,1.4,78.0742857143,1.59,12.2285714286,25.9,10.5666666667,32.0,19.6,24.471187370523694,4.250189598372045,3
iq,2007,28,2007-07-09,0.3217667,0.2734,0.2545,0.3513,297.385714286,299.007142857,306.9,290.7,13.04,83.3871428571,18.78,10.8714285714,26.75,10.375,32.7,19.9,54.1,1.8707821350151856,4
iq,2007,29,2007-07-16,0.3075571,0.3397,0.3642429,0.3648429,296.058571429,296.75,303.6,291.1,39.52,94.2471428571,26.29,7.72857142857,26.5333333333,7.83333333333,31.3,20.9,22.9,0.46680254430580126,1
iq,2007,30,2007-07-23,0.3589714,0.4017571,0.2960857,0.4225,297.64,299.078571429,308.2,290.1,11.64,84.1557142857,27.91,12.3571428571,27.35,10.1,33.2,20.7,11.9,1.2737355484168489,8
iq,2007,31,2007-07-30,0.4172286,0.3699286,0.3669714,0.4898714,296.724285714,297.935714286,305.6,290.0,25.5,82.5714285714,70.88,11.5,24.25,9.75,34.0,16.4,55.9,3.021548123273835,5
iq,2007,32,2007-08-06,0.2782429,0.2361286,0.2923,0.2669571,297.82,299.342857143,308.2,289.7,6.08,76.6185714286,35.77,12.7714285714,26.475,12.0,32.7,17.2,30.3,3.497629764872954,3
iq,2007,33,2007-08-13,0.2666667,0.2719333,0.2438857,0.1964571,298.091428571,298.942857143,308.0,291.8,9.21,80.9357142857,36.78,9.71428571429,26.9,11.0,33.1,21.3,76.5,1.6646843132638751,2
iq,2007,34,2007-08-20,0.3393714,0.3569714,0.3291286,0.3687143,298.785714286,300.671428571,308.1,294.3,12.4,79.3342857143,9.06,11.5714285714,27.125,10.825,33.3,19.9,22.1,1.4422207256522261,7
iq,2007,35,2007-08-27,0.2787857,0.2463571,0.2349857,0.3737429,300.667142857,301.592857143,312.4,293.4,12.8,67.7571428571,30.26,13.3857142857,27.05,12.175,34.7,19.9,0.0,2.8802931416018884,1
iq,2007,36,2007-09-03,0.27955,0.2826857,0.3277143,0.3280571,297.098571429,298.357142857,304.4,293.5,56.85,92.6571428571,76.28,7.88571428571,26.3,7.9,34.0,20.9,37.1,-0.6172482593608287,6
iq,2007,37,2007-09-10,0.2888167,0.2889571,0.2660714,0.3393,298.56,300.121428571,308.6,293.0,26.2,84.4128571429,49.85,12.1571428571,26.9,10.625,32.9,21.4,150.9,0.12726921050216744,7
iq,2007,38,2007-09-17,0.3156571,0.3545,0.3326429,0.4172,298.508571429,300.714285714,309.2,293.3,34.27,86.7071428571,58.22,12.4,27.2,10.8333333333,33.0,21.6,16.3,-0.8547428226279601,5
iq,2007,39,2007-09-24,0.2309,0.2363429,0.2308857,0.3128,299.698571429,301.428571429,310.6,292.7,10.3,78.5642857143,59.79,13.8,27.8333333333,11.7,34.1,21.1,34.0,-0.07885768381585966,2
iq,2007,40,2007-10-01,0.3199714,0.2544167,0.3151,0.2934714,298.281428571,299.821428571,310.8,294.7,73.33,89.8442857143,37.28,9.1,28.4,12.65,35.5,21.6,107.9,-1.5093819779947166,6
iq,2007,41,2007-10-08,0.3851857,0.4050714,0.3106286,0.4381286,299.575714286,301.385714286,309.6,294.8,38.28,80.45,39.09,11.6,28.4,10.6,34.2,21.8,145.1,-0.32856115758828963,11
iq,2007,42,2007-10-15,0.2251286,0.1505143,0.1959857,0.2383857,299.444285714,300.828571429,310.2,295.0,86.4,86.7057142857,74.52,9.82857142857,29.0,12.3,35.2,21.9,4.1,-2.0229599717318467,6
iq,2007,43,2007-10-22,0.4034714,0.3202286,0.4087,0.4229,296.971428571,298.192857143,305.1,291.9,67.93,94.7814285714,106.73,7.75714285714,26.9,9.36666666667,32.1,20.9,79.3,-1.0680521504861813,3
iq,2007,44,2007-10-29,0.2657429,0.2856,0.2923143,0.2469143,297.83,299.664285714,306.3,293.7,67.47,95.5928571429,51.28,9.35714285714,27.0,9.36666666667,34.0,21.6,0.0,-2.587682048734601,11
iq,2007,45,2007-11-05,0.3334571,0.3242571,0.2469,0.3311286,299.478571429,300.557142857,308.5,294.3,50.6,84.85,69.88,9.48571428571,28.7,11.4333333333,34.8,22.5,22.1,-1.5806926862499002,11
iq,2007,46,2007-11-12,0.1784286,0.12875,0.2167714,0.1853,298.134285714,299.742857143,308.6,294.6,103.3,93.5542857143,109.5,8.68571428571,27.675,10.85,33.5,21.6,111.3,-2.3948275057994612,5
iq,2007,47,2007-11-19,0.2284714,0.1886571,0.2345571,0.1996714,297.681428571,298.371428571,305.7,294.3,124.2,96.2142857143,52.27,5.74285714286,26.62,7.86,33.3,21.8,80.0,-2.516904346987142,4
iq,2007,48,2007-11-26,0.16564,0.1793,0.1276,0.1819143,297.88,299.328571429,305.2,294.4,65.57,96.5228571429,129.33,6.94285714286,27.125,8.35,32.3,22.4,293.1,-2.934203994486613,9
iq,2007,49,2007-12-03,0.2993714,0.3367143,0.2615857,0.3498429,298.52,299.607142857,305.5,294.3,57.8,91.6542857143,73.16,8.3,27.9,10.0,33.0,22.8,142.0,-2.4887173107772362,23
iq,2007,50,2007-12-10,0.3138333,0.2335143,0.2426,0.2937429,299.048571429,300.271428571,307.8,294.3,42.68,86.7557142857,83.39,9.91428571429,28.85,10.25,34.2,22.6,23.1,-1.5410209955674306,28
iq,2007,51,2007-12-17,0.2698,0.2756857,0.2755143,0.2367143,297.141428571,298.242857143,306.6,293.3,89.72,96.0742857143,146.13,5.68571428571,27.625,9.0,32.9,22.4,261.3,-1.7248278796839152,26
iq,2007,52,2007-12-24,0.1992,0.1947667,0.1711111,0.2308222,297.64,298.728571429,304.9,294.3,62.14,93.4685714286,53.57,7.42857142857,27.7,8.75,32.1,21.7,28.1,-1.6681824602610011,7
iq,2008,1,2008-01-01,0.1914714,0.1554143,0.1760143,0.1872429,299.277142857,300.535714286,308.2,294.1,21.4,78.67,19.95,10.7285714286,28.275,11.575,36.0,21.5,25.38945857302167,0.7521927194117594,29
iq,2008,2,2008-01-08,0.4449333,0.27585,0.3569,0.4697286,296.095714286,296.535714286,302.1,293.3,62.61,95.28,71.84,5.1,25.8,6.3,31.4,22.6,104.4,0.07880182835893848,58
iq,2008,3,2008-01-15,0.1882286,0.2208286,0.2332429,0.1699714,298.034285714,299.478571429,305.5,292.4,63.92,94.9685714286,95.97,8.58571428571,27.4333333333,9.46666666667,33.8,21.8,125.3,-2.8031182590517014,26
iq,2008,4,2008-01-22,0.2779714,0.3249286,0.2219143,0.2956714,297.207142857,298.342857143,304.8,294.8,93.43,95.1257142857,102.59,5.97142857143,26.68098134084733,8.34236821720269,31.3,21.9,46.3,-1.48324429735404,38
iq,2008,5,2008-01-29,0.35195,0.3705714,0.3138,0.4029714,298.398571429,299.971428571,307.6,294.2,66.0,93.0,110.0,9.08571428571,27.5666666667,8.9,32.2,22.8,121.2,-2.619938720488386,35
iq,2008,6,2008-02-05,0.2256429,0.17075,0.1981,0.1860714,299.49,300.764285714,308.4,293.5,28.0,78.1314285714,38.72,11.5571428571,27.8666666667,11.1,34.5,20.5,5.1,0.7630862216105178,37
iq,2008,7,2008-02-12,0.1739429,0.1989167,0.1684286,0.1734286,297.77,299.171428571,306.0,294.8,103.22,95.7071428571,47.23,6.71428571429,26.6,8.03333333333,31.7,22.1,9.2,-2.4662616262994153,20
iq,2008,8,2008-02-19,0.24095,0.2236,0.1620429,0.1874429,297.095714286,298.321428571,304.1,292.9,33.9,92.37,122.64,7.61428571429,28.0,10.8,33.4,22.0,115.3,-0.5274184000333216,29
iq,2008,9,2008-02-26,0.3493143,0.2227286,0.2677286,0.3878714,296.964285714,297.721428571,302.3,294.1,70.83,96.9271428571,101.33,5.41428571429,26.85,8.35,32.5,22.5,127.6,-1.651855457493639,25
iq,2008,10,2008-03-04,0.1697429,0.1386667,0.1700571,0.2008429,297.754285714,299.335714286,307.9,293.3,39.1,88.9728571429,210.83,8.95714285714,27.18,8.88,33.3,21.9,119.6,-0.4184007082168013,23
iq,2008,11,2008-03-11,0.1292429,0.1729571,0.1260286,0.1506571,298.017142857,299.592857143,305.5,293.0,32.17,89.2685714286,96.05,9.01428571429,26.25,7.8,33.2,22.2,64.4,-0.9994400958401154,9
iq,2008,12,2008-03-18,0.2383333,0.2327286,0.1239429,0.2000714,296.755714286,297.992857143,305.0,293.3,90.5,93.4514285714,91.87,7.21428571429,26.692100982163392,8.492246646493072,31.7,22.0,100.9,-0.33953218822619297,3
iq,2008,13,2008-03-25,0.3366,0.3042143,0.3229,0.3773143,297.094285714,297.992857143,303.7,293.1,53.36,94.0742857143,62.13,6.55714285714,26.9,8.26666666667,31.7,22.6,282.7,-1.0346351266004943,6
iq,2008,14,2008-04-01,0.2700833,0.1902714,0.1906571,0.2151571,297.694285714,298.842857143,305.4,293.7,24.9,90.9571428571,107.0,8.6,27.8666666667,9.0,33.4,22.5,21.1,-0.9073864428704259,6
iq,2008,15,2008-04-08,0.2843571,0.3536714,0.3217857,0.3028286,297.537142857,298.9,306.1,292.8,99.96,95.1571428571,71.45,7.4,28.3,9.0,32.8,21.0,53.1,-2.090653950302862,3
iq,2008,16,2008-04-15,0.3026143,0.2446714,0.2963143,0.3287571,297.447142857,298.664285714,305.5,293.8,45.96,92.1242857143,79.74,7.78571428571,26.8,8.1,33.6,21.7,61.0,-1.0235574949567254,1
iq,2008,17,2008-04-22,0.2706,0.3713143,0.3442286,0.2830714,296.76,297.414285714,301.9,293.7,62.52,97.9714285714,42.05,4.88571428571,26.65,7.7,33.0,21.6,85.9,-1.665040590543768,3
iq,2008,18,2008-04-29,0.06172857,0.1339,0.09471429,0.1178429,298.072857143,299.414285714,306.3,293.1,115.99,93.6628571429,42.12,8.68571428571,27.8666666667,8.0,32.5,22.7,31.2,-2.2259256144342405,1
iq,2008,19,2008-05-06,0.1361571,0.1631571,0.1391571,0.1345571,295.975714286,296.871428571,304.5,290.6,47.1,93.1585714286,50.5,6.97142857143,26.6,8.96666666667,32.4,20.6,18.0,0.8110425505784983,1
iq,2008,20,2008-05-13,0.1963857,0.29632,0.2641571,0.2255857,294.85,295.421428571,304.4,288.5,18.08,91.5042857143,30.08,7.38571428571,26.1666666667,7.9,31.0,18.0,6.1,2.805998191238226,0
iq,2008,21,2008-05-20,0.2210167,0.2353167,0.1804429,0.1994714,296.268571429,296.935714286,303.4,291.7,59.4,96.6214285714,45.69,5.95714285714,26.35,8.85,31.5,21.4,58.2,-0.5586794680476557,2
iq,2008,22,2008-05-27,0.12245,0.1571,0.086,0.1033143,296.741428571,297.692857143,304.1,293.8,134.66,96.0257142857,72.04,5.75714285714,27.2,9.2,32.3,21.7,76.1,-1.0759394572439425,1
iq,2008,23,2008-06-03,0.1951857,0.1577143,0.1844286,0.1336143,296.4,297.357142857,304.4,292.2,73.01,93.9828571429,30.09,6.77142857143,26.9,7.55,31.1,20.4,13.6,0.05045004537708887,1
iq,2008,24,2008-06-10,0.2937429,0.2643667,0.2466286,0.2919571,296.187142857,297.364285714,305.8,288.2,12.9,88.81,13.27,9.3,26.166167864257332,10.890274531748005,33.239483774147764,17.8,6.4,1.927350026702649,0
iq,2008,25,2008-06-17,0.2240286,0.1754714,0.2656571,0.2452143,296.742857143,297.65,304.4,293.8,57.87,95.86,111.18,6.95714285714,27.054198073940515,9.838839617043178,33.1864891406151,21.0,79.8,-0.9819527417866064,0
iq,2008,26,2008-06-24,0.1970429,0.2779833,0.2139429,0.2656143,296.458571429,297.25,304.8,291.2,61.8,93.7957142857,89.88,7.38571428571,26.29984601021308,10.750347868196343,33.273047730991884,18.0,93.5,0.06149860375040294,1
iq,2008,27,2008-07-01,0.3048286,0.2336714,0.2489143,0.2558143,296.542857143,297.807142857,304.9,290.7,9.4,86.5242857143,0.0,9.44285714286,26.82332286587796,9.955745431769415,32.88938877894248,20.8,1.3,2.034521874435368,0
iq,2008,28,2008-07-08,0.15385,0.1495857,0.3294429,0.1328857,296.545714286,297.478571429,305.9,290.5,7.47,85.6557142857,0.0,9.27142857143,26.8704403416517,9.99172456165465,33.14123822479332,21.0,0.0,2.3465536641230136,3
iq,2008,29,2008-07-15,0.2323857,0.2139571,0.2203,0.1984286,296.078571429,297.407142857,304.6,291.8,27.33,93.0557142857,62.84,8.44285714286,26.735093115353315,9.620747921206728,32.71186771758166,21.0,44.2,0.8193368808687558,3
iq,2008,30,2008-07-22,0.3270167,0.2091167,0.2837667,0.30955,296.545714286,297.314285714,306.8,287.8,47.59,92.7771428571,52.36,8.6,26.6,9.775,32.4,20.8,18.1,0.2875666590858008,1
iq,2008,31,2008-07-29,0.3548,0.34655,0.2674167,0.3921167,297.044285714,298.5,307.5,292.9,39.0,92.0485714286,44.63,9.77142857143,26.68,11.24,33.4,20.6,36.4,-0.17683650785633367,5
iq,2008,32,2008-08-05,0.2002,0.2513857,0.2113429,0.1997286,297.31,298.571428571,307.4,292.6,143.35,91.0928571429,32.45,9.74285714286,27.4,12.1,34.2,18.5,18.1,-0.40327282208175574,2
iq,2008,33,2008-08-12,0.4303714,0.4330143,0.4369143,0.4657286,297.214285714,298.5,305.6,292.7,39.69,90.7271428571,26.03,9.34285714286,27.9,11.225,34.8,19.8,11.0,-0.14248202529349904,5
iq,2008,34,2008-08-19,0.2833,0.3044714,0.2744571,0.3805,299.228571429,300.307142857,310.2,291.8,33.0,78.2771428571,12.88,13.5571428571,28.0,14.075,38.6,19.2,7.9,1.1138619339008757,5
iq,2008,35,2008-08-26,0.3181857,0.3197667,0.3081714,0.3236,298.574285714,300.142857143,310.4,292.7,37.0,84.4914285714,58.2,10.7428571429,27.8333333333,12.5333333333,35.1,20.4,44.0,0.1744987128490517,5
iq,2008,36,2008-09-02,0.3398,0.3691,0.2888,0.3092333,298.531428571,300.071428571,309.3,293.2,29.0,83.05,34.59,10.6571428571,27.35,13.225,36.2,20.4,8.1,0.47031979292204446,9
iq,2008,37,2008-09-09,0.2319,0.27625,0.2612,0.2327833,296.921428571,298.242857143,305.9,293.4,59.1,92.6528571429,86.14,7.68571428571,27.9666666667,12.5833333333,36.2,20.8,16.5,-0.3689086482889615,17
iq,2008,38,2008-09-16,0.2168,0.2773333,0.2089333,0.3362667,297.588571429,298.428571429,306.7,292.1,53.5,88.5257142857,65.43,8.57142857143,27.8,11.6,35.6,20.7,50.1,-0.09403402511963788,19
iq,2008,39,2008-09-23,0.41495,0.3634286,0.3224,0.4006857,297.66,298.621428571,309.3,292.7,63.27,90.1814285714,61.38,8.15714285714,27.75,12.45,37.0,20.8,26.9,-0.3851096673063453,25
iq,2008,40,2008-09-30,0.3930857,0.3782714,0.3437,0.4048429,299.178571429,301.15,310.2,292.4,121.3,79.5028571429,24.28,12.7857142857,27.994758987306355,13.128507434045446,36.0,19.6,1.0,0.636099196539357,45
iq,2008,41,2008-10-07,0.1605571,0.1638714,0.1949333,0.2061143,300.101428571,301.407142857,310.4,294.0,53.9,78.4542857143,69.47,12.0142857143,30.0333333333,13.9666666667,37.0,21.5,57.7,-0.27433335121722985,34
iq,2008,42,2008-10-14,0.2882,0.2278571,0.2807571,0.3579714,298.35,299.9,310.5,292.7,67.9,88.8571428571,69.39,9.97142857143,26.45,9.1,34.7,21.0,24.9,-1.0257231420581177,63
iq,2008,43,2008-10-21,0.3291571,0.2279,0.2733429,0.2568429,297.867142857,298.985714286,305.0,292.7,111.9,93.8542857143,52.65,8.71428571429,27.3333333333,10.0666666667,35.5,21.5,24.2,-2.1906724378368083,44
iq,2008,44,2008-10-28,0.1617429,0.1962,0.1982714,0.2196143,298.372857143,299.8,308.5,294.0,149.1,92.6085714286,43.6,8.57142857143,27.4,11.35,35.0,21.2,0.0,-2.3461372302724506,50
iq,2008,45,2008-11-04,0.5010286,0.445,0.4276857,0.5457286,298.464285714,299.528571429,307.2,293.1,107.48,95.29,57.85,7.08571428571,27.82,12.1,35.6,21.2,109.0,-3.3445828671758457,35
iq,2008,46,2008-11-11,0.3042857,0.2946429,0.3062714,0.4003857,298.498571429,300.221428571,309.6,293.7,63.9,88.3285714286,60.36,10.0142857143,28.3,12.8666666667,36.0,20.5,42.6,-1.1621067030106074,16
iq,2008,47,2008-11-18,0.1930571,0.1965286,0.1762571,0.1830571,298.89,300.307142857,307.2,295.2,199.52,94.1414285714,59.44,7.81428571429,27.9666666667,12.1,34.5,21.7,10.6,-3.795415830796824,16
iq,2008,48,2008-11-25,0.2510143,0.2883143,0.2537,0.3213,298.53,299.721428571,306.1,294.7,90.68,95.26,81.11,7.1,26.1,8.35,33.5,21.0,59.0,-3.5174090292823648,13
iq,2008,49,2008-12-02,0.1643667,0.19635,0.1731333,0.1549167,298.111428571,299.128571429,305.2,293.4,139.55,94.64,45.03,7.14285714286,26.96,10.64,33.7,21.0,80.0,-2.7090346332568984,9
iq,2008,50,2008-12-09,0.2894167,0.34778,0.2748286,0.2580857,298.651428571,300.214285714,308.9,295.1,53.25,88.5514285714,64.03,9.2,27.8,11.175,35.0,21.2,17.2,-1.3964109421664832,15
iq,2008,51,2008-12-16,0.1783857,0.2191714,0.2497286,0.1923,298.528571429,300.257142857,306.3,295.2,57.61,91.7771428571,70.92,9.05714285714,27.825,12.15,35.0,20.5,51.0,-2.424145820025136,4
iq,2008,52,2008-12-23,0.2634125,0.219875,0.2000875,0.226625,299.557142857,300.771428571,308.3,293.9,41.6,81.8685714286,55.11,10.3428571429,28.08,12.02,35.4,21.2,0.5,-0.6016093193468728,0
iq,2009,1,2009-01-01,0.1512857,0.1616857,0.1532714,0.1194429,297.86704109709,299.11536779697394,306.9482231898042,292.8871739451461,57.7042930278958,88.66341115987939,64.27517217966897,9.148267824646922,27.48405258816808,10.452091317149538,33.936900459523336,21.266967994389063,62.71853747424257,-0.4145240928962721,1
iq,2009,2,2009-01-08,0.2299167,0.12234,0.2611667,0.22305,297.725714286,299.007142857,304.6,294.2,93.55,95.2228571429,52.28,7.5,27.2666666667,11.1,34.8,21.1,86.1,-2.3007438799336097,10
iq,2009,3,2009-01-15,0.1884857,0.1881857,0.2039143,0.2775,296.682857143,297.414285714,304.0,295.2,149.77,98.61,72.03,3.71428571429,27.18,10.24,33.3,21.1,72.8,-1.712502677575446,11
iq,2009,4,2009-01-22,0.1884571,0.1993143,0.2027,0.2139286,296.55,297.514285714,303.5,292.7,53.81,92.4671428571,76.16,6.48571428571,27.5666666667,10.7,34.0,21.8,11.2,0.15145444675687786,29
iq,2009,5,2009-01-29,0.1667333,0.1737333,0.1904333,0.1617167,297.495714286,298.8,304.4,294.0,66.1,94.9285714286,118.54,8.14285714286,27.65,11.65,33.9,21.1,67.8,-1.8752661944507543,35
iq,2009,6,2009-02-05,0.2799143,0.2402857,0.1957286,0.3076571,297.405714286,298.192857143,302.7,294.5,93.3,97.0071428571,149.06,5.18571428571,27.4666666667,12.3333333333,35.0,21.0,44.1,-2.356190184202614,30
iq,2009,7,2009-02-12,0.1702714,0.1511143,0.1404714,0.1429714,297.322857143,298.471428571,305.7,292.9,48.72,94.2342857143,60.51,7.17142857143,28.1,12.3333333333,35.0,21.2,14.0,-1.3912584815224505,20
iq,2009,8,2009-02-19,0.1887857,0.1594571,0.1568714,0.2029857,297.685714286,299.014285714,306.7,294.2,124.0,92.9057142857,124.8,6.82857142857,27.7,12.54,35.0,20.5,111.4,-1.4953950613185059,21
iq,2009,9,2009-02-26,0.28236,0.3051167,0.2940833,0.3160167,297.391428571,298.864285714,306.6,294.3,102.72,95.1214285714,147.44,7.07142857143,26.58,10.52,33.2,20.5,84.1,-1.8601770722544817,12
iq,2009,10,2009-03-05,0.3620714,0.3367,0.3453,0.3792857,297.844285714,299.0,304.6,294.5,87.28,94.3785714286,58.56,6.8,28.4,11.45,35.0,21.0,49.1,-2.1723445362184064,9
iq,2009,11,2009-03-12,0.2034286,0.1784429,0.2259714,0.2018714,297.058571429,298.014285714,304.0,293.6,108.83,98.1342857143,97.8,6.02857142857,27.3,11.8,33.8,21.0,0.0,-2.175350731659401,11
iq,2009,12,2009-03-19,0.1578833,0.1921,0.2137286,0.2013857,297.365714286,298.25,304.6,293.6,66.83,95.7085714286,106.68,6.18571428571,27.8,10.5,33.7,21.0,14.3,-1.847958471151875,9
iq,2009,13,2009-03-26,0.2235857,0.2591333,0.2632857,0.3057857,297.152857143,298.321428571,303.3,294.6,49.93,94.9028571429,100.78,6.35714285714,28.5,11.5,34.4,21.5,45.0,-1.3943712779693114,5
iq,2009,14,2009-04-02,0.08905714,0.05895,0.08927143,0.09934286,297.245714286,298.385714286,304.5,294.1,63.3,96.3957142857,131.17,6.74285714286,27.95,10.9,34.2,21.7,19.0,-1.9298622597828854,11
iq,2009,15,2009-04-09,0.1468429,0.1416571,0.1411857,0.1487714,297.89,298.9,306.8,293.1,50.64,89.6728571429,133.47,9.02857142857,27.1333333333,10.8666666667,35.0,21.0,134.9,-0.8711861169985382,3
iq,2009,16,2009-04-16,0.2236,0.1788286,0.175,0.2161429,296.635714286,297.621428571,304.7,292.6,74.5,97.3,99.77,6.38571428571,26.9,10.8333333333,33.0,21.2,87.3,-1.3063969533939652,5
iq,2009,17,2009-04-23,0.1953429,0.2856714,0.1611857,0.2023857,297.545714286,298.278571429,303.6,294.9,62.74,96.6642857143,52.74,4.98571428571,26.8,8.7,34.4,21.2,41.2,-2.4035747427951843,5
iq,2009,18,2009-04-30,0.2835857,0.3455143,0.2374429,0.3161286,297.404285714,298.321428571,303.6,294.3,93.8,95.0785714286,99.89,6.27142857143,27.15,10.75,34.0,21.0,30.8,-1.7498536642072207,4
iq,2009,19,2009-05-07,0.1907571,0.2645571,0.2538857,0.2192,297.562857143,298.542857143,306.8,292.9,59.5,95.1,30.73,7.14285714286,28.1,10.5,35.0,22.0,44.0,-1.8257353706551893,4
iq,2009,20,2009-05-14,0.2077429,0.2278571,0.2542,0.2160429,297.607142857,299.007142857,306.5,292.7,46.43,93.2985714286,38.51,9.07142857143,28.075,11.425,35.0,22.0,11.2,-1.5115185518967442,1
iq,2009,21,2009-05-21,0.3312143,0.2172,0.2093857,0.3445143,297.724285714,299.521428571,307.1,293.4,39.89,91.79,66.46,10.0714285714,28.35,11.45,34.6,21.4,50.5,-1.135697673817414,0
iq,2009,22,2009-05-28,0.2383429,0.1973167,0.1655,0.1901429,296.704285714,297.521428571,305.1,292.7,73.0,97.7428571429,40.04,5.61428571429,27.6,10.2666666667,34.4,21.0,19.3,-1.4861923462542048,2
iq,2009,23,2009-06-04,0.114,0.09244286,0.09747143,0.1262857,296.125714286,296.778571429,302.5,292.8,53.91,95.5071428571,42.22,6.07142857143,28.1,11.8,34.0,22.2,52.56957655178951,-0.022241336888613322,3
iq,2009,24,2009-06-11,0.1871286,0.1578,0.1434571,0.1994714,295.104285714,295.778571429,305.2,289.9,112.31,94.13,8.74,6.24285714286,24.6666666667,8.63333333333,33.5,20.0,23.9,1.8381572035255815,3
iq,2009,25,2009-06-18,0.2916714,0.3070286,0.3562286,0.3891143,296.031428571,297.314285714,305.2,292.0,45.97,93.9714285714,43.32,7.71428571429,27.05,10.9,33.5,19.4,21.0,0.5423935202318855,5
iq,2009,26,2009-06-25,0.2708,0.2051833,0.2401286,0.2001571,297.217142857,298.521428571,305.6,293.2,66.41,94.5557142857,141.65,8.64285714286,27.375,11.125,33.4,21.2,40.6,-1.2619119884618195,2
iq,2009,27,2009-07-02,0.1868571,0.1769143,0.2230714,0.2189857,296.452857143,297.821428571,304.6,292.3,55.5,94.5385714286,68.15,8.64285714286,27.45,10.7,33.4,21.4,14.0,-0.16880383545023708,1
iq,2009,28,2009-07-09,0.3859143,0.2903833,0.3364286,0.2927857,296.065714286,296.992857143,306.2,291.4,39.67,95.3857142857,91.4,8.12857142857,27.6,10.7666666667,33.4,21.6,2.0,0.10293860937386852,2
iq,2009,29,2009-07-16,0.21965,0.37805,0.2238714,0.2659,296.527142857,297.664285714,306.8,292.7,40.1,94.6242857143,65.19,7.27142857143,26.825,10.425,34.5,21.3,38.9,-0.23948462678914267,0
iq,2009,30,2009-07-23,0.2078833,0.28085,0.1756,0.2616,296.525714286,297.964285714,306.7,292.3,12.93,88.23,35.82,9.52857142857,26.95,10.25,32.2,21.0,20.4,1.7183429199188984,0
iq,2009,31,2009-07-30,0.1543571,0.1152714,0.1534571,0.1559,297.087142857,298.235714286,307.9,290.4,39.3,89.9714285714,51.77,9.75714285714,27.0,11.5,33.5,20.5,32.0,0.24319798653157573,3
iq,2009,32,2009-08-06,0.395,0.3527333,0.4842857,0.4019143,297.37,298.878571429,307.9,290.7,34.4,87.8114285714,9.79,11.7571428571,27.975,12.1,35.4,20.5,19.07734557246897,0.5878062525401317,5
iq,2009,33,2009-08-13,0.3308857,0.4083,0.4433571,0.3347714,298.357142857,299.985714286,308.2,292.2,43.2,87.11,35.23,11.3428571429,27.7,11.5,33.4,21.0,20.1,-0.39209828002947117,5
iq,2009,34,2009-08-20,0.2206286,0.1943571,0.2785714,0.2604571,298.677142857,300.107142857,309.3,293.0,25.3,80.64,6.52,10.9285714286,28.32,12.86,36.2,21.2,1.0,0.7463741493468378,7
iq,2009,35,2009-08-27,0.2453429,0.1859857,0.1813429,0.2820571,298.997142857,300.921428571,310.4,293.4,45.34,88.1771428571,95.83,11.7857142857,29.0,13.0,36.2,22.0,27.2,-1.820931787073871,5
iq,2009,36,2009-09-03,0.5083571,0.4544286,0.5383143,0.5148286,297.388571429,298.45,305.0,293.5,78.37,94.9928571429,83.02,7.64285714286,27.6,13.2,34.2,21.0,47.5,-1.6863165417660364,2
iq,2009,37,2009-09-10,0.1896167,0.192,0.2368143,0.2696857,299.855714286,300.75,310.0,291.8,9.3,75.2328571429,13.74,13.0428571429,29.1666666667,14.1333333333,37.4,21.4,6.1,1.281642237847677,2
iq,2009,38,2009-09-17,0.26632,0.3133667,0.1956571,0.3070714,299.47,300.814285714,310.0,293.5,23.01,78.1185714286,40.17,11.6,28.85,12.75,37.2,20.4,0.8,0.8279775161549142,2
iq,2009,39,2009-09-24,0.2943143,0.2706714,0.3020714,0.2540143,299.324285714,301.028571429,309.8,293.7,33.0,83.7628571429,78.68,11.0,28.8666666667,13.3,37.0,21.0,8.1,-0.8588512235890591,0
iq,2009,40,2009-10-01,0.2063,0.2552571,0.2799571,0.2066571,298.034285714,299.571428571,307.4,294.8,79.1,91.5757142857,57.18,8.51428571429,27.95,12.225,35.2,20.5,33.1,-1.6257177768529623,2
iq,2009,41,2009-10-08,0.2322714,0.2725,0.2715714,0.2853857,298.707142857,300.128571429,308.3,294.3,43.94,89.31,20.58,9.28571428571,27.64,11.66,34.8,21.0,29.4,-1.9114859022920494,1
iq,2009,42,2009-10-15,0.2974143,0.2821714,0.2559286,0.3197857,299.737142857,301.0,311.3,293.8,18.1,79.2228571429,30.49,11.8857142857,27.75,10.65,34.2,21.2,11.2,-0.17900215495772603,1
iq,2009,43,2009-10-22,0.2968,0.3084857,0.3623,0.3616571,298.855714286,300.285714286,307.2,294.1,67.4,90.6571428571,82.59,8.57142857143,27.7333333333,12.2,35.3,21.0,137.1,-2.537339749869805,2
iq,2009,44,2009-10-29,0.2907571,0.23795,0.3176857,0.2616,298.678571429,300.071428571,310.8,294.9,84.54,93.8085714286,77.38,8.34285714286,27.8,11.32,35.2,21.0,11.2,-3.3275025359511314,2
iq,2009,45,2009-11-05,0.3886714,0.3728167,0.2499,0.3730143,299.161428571,300.478571429,309.7,292.2,47.31,90.3728571429,45.79,10.1857142857,29.8666666667,12.7333333333,36.8,21.2,3.5,-2.889052920133573,3
iq,2009,46,2009-11-12,0.3688714,0.3799571,0.3800286,0.4679286,300.321428571,301.785714286,308.7,296.0,31.65,84.3114285714,96.23,10.4571428571,28.94,11.96,35.3,21.9,88.2,-2.544396199731072,9
iq,2009,47,2009-11-19,0.40705,0.3351,0.3665,0.38935,300.485714286,301.75,311.0,294.5,47.0,80.7871428571,29.72,11.9285714286,28.9,12.3333333333,36.2,22.3,39.1,-1.3603753637702383,5
iq,2009,48,2009-11-26,0.3361143,0.2877667,0.3254571,0.3576,299.455714286,300.614285714,308.7,295.1,60.7,89.5942857143,38.17,8.71428571429,28.4333333333,11.8333333333,36.2,21.8,17.0,-2.9950450346107806,5
iq,2009,49,2009-12-03,0.3485286,0.2904,0.4106143,0.3704571,298.762857143,299.935714286,308.9,295.0,134.43,91.7085714286,73.45,7.75714285714,28.025,10.375,35.3,22.2,49.0,-2.5806352894706848,4
iq,2009,50,2009-12-10,0.1922,0.1935286,0.2398857,0.2858857,299.198571429,300.678571429,308.6,294.6,49.32,87.7528571429,85.62,10.4428571429,28.55,11.0,35.2,21.2,41.9,-2.0563963782195906,4
iq,2009,51,2009-12-17,0.2176,0.2403,0.1817714,0.2623,298.347142857,299.35,307.5,295.0,208.87,92.9585714286,81.21,6.67142857143,28.2,11.125,35.6,22.0,54.1,-2.485662660871165,1
iq,2009,52,2009-12-24,0.2104222,0.2571375,0.2211333,0.3002556,297.181428571,298.185714286,302.9,294.9,66.3,96.8857142857,98.79,5.25714285714,27.2,8.2,32.2,21.8,31.2,-1.9409495820949727,0
iq,2010,53,2010-01-01,0.2638492158951107,0.23878243511100194,0.25010828286050046,0.2667579061431882,297.869534801801,299.13299214607815,307.0823796751919,292.8667134547404,57.61018869174222,88.63919835416141,64.24583957298069,9.206618591494845,27.50649965644001,10.548823123389056,33.99568162375247,21.20259259314554,62.19895221522211,-0.4219876113407395,0
iq,2010,1,2010-01-08,0.1245714,0.1791286,0.1638429,0.1354714,299.264285714,300.521428571,308.6,292.8,8.5,78.2714285714,27.04,11.1,28.6,12.3,35.1,21.8,29.596123874520288,0.944100113072481,10
iq,2010,2,2010-01-15,0.1452857,0.1423143,0.1353,0.1675286,298.297142857,299.935714286,308.0,293.8,144.6,89.8071428571,32.99,9.15714285714,27.8333333333,11.3,34.2,22.1,15.0,-1.3530088008560812,9
iq,2010,3,2010-01-22,0.2521143,0.2304857,0.1873286,0.3027857,298.925714286,300.457142857,307.8,294.8,31.2,87.6414285714,19.04,8.62857142857,28.9666666667,11.2666666667,35.2,22.5,0.8,-1.6894196468407994,17
iq,2010,4,2010-01-29,0.2632714,0.2306,0.2188714,0.2612857,298.291428571,299.614285714,308.3,295.0,65.76,91.7985714286,138.51,7.68571428571,27.8,10.52,35.3,22.4,166.0,-1.95209505094793,16
iq,2010,5,2010-02-05,0.1701,0.1421167,0.1179143,0.1393429,298.754285714,300.342857143,306.1,295.6,95.83,90.6485714286,47.31,8.31428571429,27.8,9.26666666667,34.2,22.0,62.3,-2.381584226983292,11
iq,2010,6,2010-02-12,0.2307571,0.1892571,0.1634857,0.2388714,298.251428571,299.678571429,306.2,295.5,172.7,96.5157142857,78.25,6.32857142857,27.0,8.3,33.2,22.9,14.5,-3.4809276641895623,12
iq,2010,7,2010-02-19,0.2933,0.2478286,0.2066286,0.2666714,299.648571429,300.95,309.2,294.5,54.2,88.3657142857,32.19,9.41428571429,27.3,11.8,35.5,21.4,60.9,-2.797028340434261,19
iq,2010,8,2010-02-26,0.3036571,0.2600571,0.2254857,0.3333143,298.917142857,300.485714286,308.2,295.2,288.4,94.9157142857,84.67,8.17142857143,28.02,10.36,35.4,21.4,29.9,-4.037743051761489,15
iq,2010,9,2010-03-05,0.1273167,0.18116,0.1204667,0.1427667,298.337142857,299.664285714,306.3,295.8,144.98,97.7,80.58,6.24285714286,28.5,9.9,35.4,21.2,9.9,-4.016505864406943,12
iq,2010,10,2010-03-12,0.3117286,0.2926857,0.2725857,0.3948,298.837142857,300.092857143,306.9,292.8,86.1,96.25,57.78,8.81428571429,28.55,10.05,35.4,21.4,44.5,-4.41387404219005,12
iq,2010,11,2010-03-19,0.2946,0.2509714,0.2814714,0.3416429,299.191428571,300.928571429,307.4,294.0,191.76,96.1242857143,121.2,8.82857142857,30.0,12.0,36.0,22.0,22.9,-4.893899337836222,16
iq,2010,12,2010-03-26,0.2662857,0.3012333,0.296,0.2957429,299.004285714,300.3,307.9,294.6,214.9,93.0828571429,51.29,8.02857142857,27.4666666667,9.33333333333,34.5,21.0,20.0,-3.4881197883271042,9
iq,2010,13,2010-04-02,0.1414333,0.2047286,0.2509714,0.1452429,299.002857143,300.714285714,309.1,294.2,24.25,88.7071428571,49.8,9.51428571429,27.9333333333,12.3,35.3,21.0,16.0,-1.9733516202007928,4
iq,2010,14,2010-04-09,0.2428429,0.2727571,0.2022714,0.2601143,299.115714286,300.271428571,308.4,294.6,164.7,95.1828571429,93.76,7.71428571429,29.2,12.3,35.4,22.5,73.00004770796426,-4.418813300118654,9
iq,2010,15,2010-04-16,0.1576857,0.1566143,0.1840143,0.1358857,298.305714286,299.557142857,307.3,294.3,150.8,93.6557142857,17.33,7.22857142857,27.15,9.6,33.0,21.2,18.0,-2.607817029794335,6
iq,2010,16,2010-04-23,0.2314857,0.2946857,0.3316571,0.2444,298.438571429,299.507142857,304.7,294.7,81.4,95.9957142857,86.7,7.75714285714,27.85,9.6,33.5,22.5,51.1,-3.6314144341962247,8
iq,2010,17,2010-04-30,0.2397429,0.2592714,0.3077857,0.3079429,299.048571429,300.028571429,308.4,294.6,23.6,87.6571428571,26.0,8.25714285714,28.85,12.125,36.2,21.4,35.4,-1.7994523251409231,4
iq,2010,18,2010-05-07,0.2608143,0.2557857,0.2577714,0.3402857,297.617142857,298.585714286,304.7,294.6,85.46,96.7128571429,73.97,5.71428571429,27.6,9.6,33.2,21.4,8.1,-2.5359371225978604,2
iq,2010,19,2010-05-14,0.1686857,0.1585,0.1330714,0.1456,297.278571429,297.935714286,306.0,294.0,87.3,97.4457142857,59.4,6.18571428571,27.4,10.4,33.7,21.2,32.0,-2.2188400920062983,7
iq,2010,20,2010-05-21,0.2630714,0.2725,0.2582714,0.2445,297.648571429,298.707142857,308.7,290.1,8.8,78.9985714286,1.15,11.2428571429,25.6333333333,9.2,34.0,20.0,2.5,2.7267129571177735,6
iq,2010,21,2010-05-28,0.34275,0.3189,0.2563429,0.2925143,299.334285714,300.771428571,309.7,294.5,45.0,88.7657142857,55.3,9.8,28.6333333333,11.9333333333,35.4,22.4,27.0,-2.3471522166850063,5
iq,2010,22,2010-06-04,0.1601571,0.1603714,0.1360429,0.2256571,298.33,299.392857143,308.5,291.9,207.1,91.6,86.47,7.47142857143,27.4333333333,10.5,34.7,21.7,36.6,-1.7894090618080707,8
iq,2010,23,2010-06-11,0.2470571,0.1460571,0.2503571,0.2337143,296.598571429,297.592857143,305.5,292.4,50.6,94.28,58.94,7.5,24.4,6.9,32.2,19.2,7.4,-0.3657473966733685,1
iq,2010,24,2010-06-18,0.3339143,0.2457714,0.2788857,0.3254857,296.345714286,297.521428571,306.1,291.9,62.33,94.66,59.67,7.87142857143,25.4333333333,8.73333333333,31.2,21.0,16.0,-0.10406759708043617,1
iq,2010,25,2010-06-25,0.2981857,0.2329714,0.2742143,0.3157571,298.097142857,299.835714286,307.8,292.3,36.9,89.0828571429,63.22,11.0142857143,27.475,9.9,33.7,22.2,20.4,-0.8275223184365872,4
