city,year,weekofyear,week_start_date,ndvi_ne,ndvi_nw,ndvi_se,ndvi_sw,reanalysis_air_temp_k,reanalysis_avg_temp_k,reanalysis_max_air_temp_k,reanalysis_min_air_temp_k,reanalysis_precip_amt_kg_per_m2,reanalysis_relative_humidity_percent,reanalysis_sat_precip_amt_mm,reanalysis_tdtr_k,station_avg_temp_c,station_diur_temp_rng_c,station_max_temp_c,station_min_temp_c,dew_humidity,station_precip_mm
sj,2008,18,2008-04-29,-0.0189,-0.0189,0.1027286,0.0912,298.492857143,298.55,301.1,296.4,25.37,78.7814285714,78.6,3.12857142857,26.5285714286,7.05714285714,33.3,21.7,1.3447399545684566,75.2
sj,2008,19,2008-05-06,-0.018,-0.0124,0.08204286,0.07231429,298.475714286,298.557142857,300.8,296.7,21.83,78.23,12.56,2.57142857143,26.0714285714,5.55714285714,30.0,22.2,1.5275315131967333,34.3
sj,2008,20,2008-05-13,-0.0015,-0.0006486466622235287,0.1510833,0.09152857,299.455714286,299.357142857,302.2,296.4,4.12,78.27,3.66,4.42857142857,27.9285714286,7.78571428571,32.8,22.8,0.25809147834988444,3.0
sj,2008,21,2008-05-20,0.022651760565402412,-0.01986667,0.1243286,0.1256857,299.69,299.728571429,303.0,296.9,2.2,73.0157142857,0.0,4.34285714286,28.0571428571,6.27142857143,33.3,24.4,1.5337750996754878,0.3
sj,2008,22,2008-05-27,0.0568,0.03983333,0.06226667,0.07591429,299.78,299.671428571,302.3,297.3,4.36,74.0842857143,0.76,3.54285714286,27.6142857143,7.08571428571,33.3,23.3,1.0256666381852673,84.1
sj,2008,23,2008-06-03,-0.044,-0.03046667,0.132,0.08352857,299.768571429,299.728571429,301.9,297.6,22.55,76.5571428571,71.17,2.85714285714,28.0,5.17142857143,32.8,25.0,0.2592045378294367,27.7
sj,2008,24,2008-06-10,-0.0443,-0.024925,0.1322714,0.1591571,300.062857143,300.007142857,302.4,297.5,13.1,76.8442857143,48.99,3.15714285714,27.4,6.04285714286,31.1,23.3,-0.22064434951871456,91.7
sj,2008,25,2008-06-17,0.06173549506247156,0.08215,0.1443714,0.1167286,300.484285714,300.578571429,303.5,297.5,7.2,76.87,30.81,3.9,28.7571428571,6.98571428571,34.4,24.4,-0.7564942712366994,0.3
sj,2008,26,2008-06-24,0.0108,0.0499,0.1005714,0.1173286,300.601428571,300.621428571,302.5,298.5,17.1,77.3957142857,8.02,2.78571428571,28.6571428571,6.24285714286,32.8,23.9,-1.1311338554439718,28.7
sj,2008,27,2008-07-01,0.07266667,0.10666,0.1554286,0.1649,300.497142857,300.528571429,302.3,298.7,11.9,78.5342857143,17.52,2.22857142857,28.4571428571,4.62857142857,31.1,25.0,-1.3239576437643414,2.9
sj,2008,28,2008-07-08,-0.04645,0.006825,0.2602857,0.2147286,300.214285714,300.342857143,301.7,299.0,19.86,77.0214285714,16.37,2.02857142857,27.7142857143,5.91428571429,31.1,23.9,-0.4793641080306432,22.1
sj,2008,29,2008-07-15,0.008221235170971397,0.016038232950638998,0.1958429,0.1761571,300.448571429,300.607142857,302.3,298.7,5.49,77.6157142857,4.34,2.61428571429,28.7857142857,5.01428571429,31.7,26.1,-0.9906058041789331,0.0
sj,2008,30,2008-07-22,0.2083,0.4295,0.2776833,0.24565,300.598571429,300.721428571,302.3,298.9,13.62,78.56,3.39,2.58571428571,28.6857142857,6.31428571429,32.8,24.4,-1.4888422133839039,7.1
sj,2008,31,2008-07-29,0.0002,0.0039,0.1090667,0.08648333,300.73,300.885714286,302.7,299.2,8.7,76.5214285714,13.73,2.8,28.9857142857,6.17142857143,32.8,25.0,-1.0351411953339926,5.1
sj,2008,32,2008-08-05,0.1122,0.0322,0.1941857,0.2057714,300.741428571,300.842857143,302.5,299.1,43.5,80.3714285714,50.94,2.42857142857,28.3571428571,5.85714285714,32.2,23.9,-2.2964858282271625,37.6
sj,2008,33,2008-08-12,-0.011760590526534997,0.009307390400235205,0.0589,0.06564286,301.15,301.285714286,303.3,299.0,7.82,77.9685714286,4.28,2.74285714286,29.2142857143,6.34285714286,33.9,25.0,-2.1106754475865284,1.8
sj,2008,34,2008-08-19,0.28915,0.2410333,0.2406,0.2085571,300.735714286,300.814285714,302.6,298.6,65.9,79.5471428571,31.97,2.54285714286,28.9714285714,5.32857142857,32.2,24.4,-2.006808028231475,54.9
sj,2008,35,2008-08-26,0.1132,0.0933944168771268,0.2260833,0.1982429,301.022857143,301.135714286,303.2,298.9,31.6,79.8642857143,19.67,2.7,28.8571428571,5.47142857143,32.2,24.4,-2.580789577147374,16.2
sj,2008,36,2008-09-02,0.008756568580018609,0.0173,0.1904167,0.1199833,301.225714286,301.314285714,303.5,298.9,50.0,80.0242857143,60.56,3.37142857143,29.3571428571,6.41428571429,35.0,25.0,-2.9323540614841876,6.9
sj,2008,37,2008-09-09,0.3619,0.649,0.1464,0.1313857,300.804285714,300.935714286,303.6,298.8,58.4,81.3242857143,126.68,2.98571428571,28.3857142857,6.42857142857,34.4,23.3,-2.7096084596516454,45.1
sj,2008,38,2008-09-16,0.091375,0.16405,0.2516667,0.19645,300.757142857,300.871428571,303.3,298.9,28.1,80.4485714286,48.44,3.11428571429,28.2285714286,6.27142857143,32.8,24.4,-2.3551853299387266,20.4
sj,2008,39,2008-09-23,0.0795,0.103675,0.2826857,0.2613,300.378571429,300.45,303.3,298.1,136.91,79.8614285714,153.79,2.81428571429,27.4,5.85714285714,32.2,22.8,-1.572241471100983,146.3
sj,2008,40,2008-09-30,-0.13735,0.13095,0.2718857,0.2700286,300.564285714,300.771428571,303.4,297.4,37.5,80.42,54.96,3.05714285714,28.3571428571,7.05714285714,34.4,22.2,-2.0968545739105044,37.1
sj,2008,41,2008-10-07,0.1306,0.0897,0.1860857,0.1964429,300.715714286,300.742857143,303.0,298.7,21.1,76.3614285714,6.16,2.91428571429,28.1714285714,5.94285714286,31.7,24.4,-1.0143069132791456,8.5
sj,2008,42,2008-10-14,0.1834,0.11755,0.1524571,0.1425,300.234285714,300.278571429,303.4,298.0,40.4,78.6585714286,60.42,3.12857142857,27.2142857143,6.2,32.8,22.8,-1.068897416963644,73.0
sj,2008,43,2008-10-21,0.03325,0.07486667,0.3363143,0.2526571,299.734285714,299.878571429,302.6,297.8,22.7,79.4928571429,91.7,2.52857142857,27.0142857143,5.32857142857,31.7,23.3,-0.6213484555842038,16.5
sj,2008,44,2008-10-28,0.0834,0.0757,0.07362857,0.1237286,300.352857143,300.557142857,302.2,298.4,9.9,74.5057142857,0.0,2.57142857143,27.6428571429,5.74285714286,31.1,23.9,0.09111808658086519,6.4
sj,2008,45,2008-11-04,-0.0944,-0.00495,0.1438,0.1303143,300.077142857,300.142857143,302.6,298.2,58.03,80.6185714286,12.23,2.6,27.6142857143,5.75714285714,31.1,24.4,-1.3981860232831569,36.6
sj,2008,46,2008-11-11,0.1011,0.074,0.2376,0.1755286,300.137142857,300.292857143,303.3,297.9,19.6,77.6342857143,12.64,3.3,27.3857142857,5.92857142857,30.6,23.9,-0.574907301125785,6.4
sj,2008,47,2008-11-18,0.05603139221754816,0.044,0.2210429,0.1835286,299.712857143,299.757142857,301.9,298.0,49.42,78.64,22.49,2.51428571429,26.8142857143,5.71428571429,30.6,23.3,-0.3011163148887872,56.9
sj,2008,48,2008-11-25,0.03925,0.0731,0.1884,0.2118714,299.355714286,299.442857143,301.6,297.8,31.83,75.9971428571,9.3,2.14285714286,26.4857142857,5.45714285714,30.0,22.8,1.0012185900224153,32.8
sj,2008,49,2008-12-02,-0.0874,0.1729,0.1455833,0.1098333,298.582857143,298.714285714,300.5,296.7,0.72,68.9442857143,3.64,2.57142857143,25.2285714286,6.48571428571,28.9,21.7,4.185891226650736,4.1
sj,2008,50,2008-12-09,0.0362,0.06956667,0.2926429,0.2735,298.552857143,298.571428571,300.0,296.7,9.52,72.79,0.0,1.91428571429,25.5571428571,5.65714285714,28.9,22.2,3.06254453745594,11.2
sj,2008,51,2008-12-16,0.0306,0.0238,0.2890286,0.2582286,298.575714286,298.6,300.2,297.2,25.75,76.2185714286,7.75,2.08571428571,26.2714285714,6.11428571429,30.6,21.7,2.010353457724605,37.9
sj,2008,52,2008-12-23,-0.00395,-0.0159,0.1993143,0.16795,297.788571429,297.914285714,299.9,294.9,17.5,73.7785714286,0.0,2.6,25.0714285714,6.02857142857,28.9,20.6,3.7636516650709915,11.7
sj,2009,1,2009-01-01,0.5004,0.161425,0.1607857,0.18865,299.4617856270762,299.5224203190045,301.6221547185312,297.60382440379874,23.576644907328728,78.11895312053343,26.35241530894882,2.6222411635424407,27.26113471990123,6.148808287432445,31.565700122215656,23.138591260858803,0.19551575022740053,34.13329570409985
sj,2009,2,2009-01-08,-0.0814,0.0081,0.35324,0.2524,297.751428571,297.95,300.3,294.3,3.45,73.9542857143,0.0,2.87142857143,25.0714285714,6.2,28.9,20.6,3.7566611395295584,3.6
sj,2009,3,2009-01-15,0.0764,0.0102,0.1719333,0.1197714,298.291428571,298.535714286,299.8,297.2,6.5,77.5228571429,0.0,1.98571428571,25.9285714286,6.02857142857,29.4,22.2,2.031782683803591,8.5
sj,2009,4,2009-01-22,0.03183333,0.01133333,0.1108286,0.1701429,297.921428571,298.107142857,300.2,296.4,29.9,80.02,9.09,2.5,25.9,6.11428571429,31.1,21.7,1.8551431812182055,18.6
sj,2009,5,2009-01-29,0.0626,-0.00625,0.2114667,0.1452333,298.042857143,298.242857143,299.8,296.6,21.1,81.3328571429,0.0,2.28571428571,26.1857142857,6.51428571429,31.1,21.7,1.2722882261518476,22.6
sj,2009,6,2009-02-05,0.0162,0.000625,0.1229,0.1317,297.89,298.078571429,300.4,295.6,12.0,77.83,0.0,2.78571428571,25.5714285714,5.78571428571,30.0,21.7,2.4751997642471557,11.7
sj,2009,7,2009-02-12,0.0558,0.07665,0.2572,0.2180143,297.542857143,297.735714286,300.0,295.7,32.43,76.9514285714,0.0,2.32857142857,25.3571428571,6.4,30.6,21.7,3.2172366992774815,62.8
sj,2009,8,2009-02-19,0.0374,0.07305,0.1799714,0.1514429,297.355714286,297.492857143,300.1,295.9,31.2,73.5842857143,11.01,2.35714285714,25.0285714286,5.71428571429,30.0,21.7,4.404230357709366,14.6
sj,2009,9,2009-02-26,0.4708,0.2018,0.3043,0.2088167,297.605714286,297.75,299.6,295.0,5.0,73.2571428571,5.82,2.35714285714,25.2,6.25714285714,30.0,20.6,4.157044890082277,5.8
sj,2009,10,2009-03-05,0.0714,-0.05,0.2076714,0.1410571,297.9,298.135714286,299.9,296.3,4.08,74.3057142857,63.28,2.7,25.7285714286,6.88571428571,30.0,21.7,3.44326753003608,1.0
sj,2009,11,2009-03-12,-0.035855962481342374,-0.0287,0.07662857,0.08174286,296.804285714,296.842857143,299.6,295.2,33.5,74.9171428571,31.47,1.8,25.5,4.84285714286,31.1,21.7,4.711265968149882,21.6
sj,2009,12,2009-03-19,0.0025,0.00592,0.2417714,0.1799143,296.651428571,296.792857143,298.4,295.2,10.06,72.2585714286,0.0,2.18571428571,25.0,5.37142857143,28.3,21.1,5.642521108388456,25.5
sj,2009,13,2009-03-26,-0.1295667,-0.06473333,0.1990714,0.1755429,297.07,297.2,300.0,295.1,24.84,74.93,9.09,3.65714285714,25.2714285714,6.88571428571,30.0,21.1,4.3666854927948275,21.9
sj,2009,14,2009-04-02,0.1003,0.1035,0.1227,0.1065143,296.692857143,296.792857143,298.9,294.1,9.4,72.4642857143,3.79,2.41428571429,25.0571428571,5.54285714286,28.9,21.1,5.516019873181976,3.8
sj,2009,15,2009-04-09,-0.04683333,0.03844,0.1654429,0.1341857,297.508571429,297.7,299.7,296.0,3.74,74.7285714286,0.0,2.91428571429,25.7285714286,6.41428571429,30.0,21.7,3.8580817993855887,13.0
sj,2009,16,2009-04-16,-0.0078370402677308,-0.0276,0.1130286,0.1084429,298.248571429,298.3,300.2,296.1,0.5,73.9214285714,0.0,3.28571428571,26.5714285714,7.0,30.6,22.8,3.1414457945908616,0.9
sj,2009,17,2009-04-23,-0.0266,0.0271,0.1302286,0.1296143,298.532857143,298.742857143,301.0,296.1,4.5,74.1928571429,14.71,3.2,26.8,7.54285714286,32.8,22.2,2.6759898429475486,35.0
sj,2009,18,2009-04-30,0.0558,0.0407,0.1873143,0.1395286,298.602857143,298.75,300.8,296.9,10.9,76.1242857143,18.69,2.35714285714,26.7285714286,6.21428571429,31.7,22.2,2.029785390691866,23.6
sj,2009,19,2009-05-07,0.0584,0.0277,0.048,0.04892857,298.071428571,298.142857143,300.0,295.6,15.6,76.06,8.25,2.65714285714,26.2571428571,5.41428571429,30.0,22.2,2.7345291672522696,13.7
sj,2009,20,2009-05-14,0.03605,0.05396667,0.1071429,0.1168571,298.218571429,298.257142857,300.1,297.1,29.93,82.3328571429,34.87,1.74285714286,26.5857142857,4.7,30.6,23.3,0.7259108428227091,23.4
sj,2009,21,2009-05-21,0.0736,0.04505,0.1062143,0.1195857,297.971428571,298.0,299.5,296.6,65.47,82.2571428571,28.6,1.8,26.2571428571,4.72857142857,29.4,22.8,1.086249020434346,44.2
sj,2009,22,2009-05-28,0.015218600833435403,0.044,0.2181571,0.1863,299.265714286,299.321428571,301.2,297.4,18.3,84.4142857143,92.89,2.5,27.6142857143,5.71428571429,31.1,23.9,-1.3536735149654873,46.7
sj,2009,23,2009-06-04,-0.0021,0.0656,0.1694714,0.1681,299.744285714,299.75,301.9,297.3,5.22,78.3085714286,19.06,2.81428571429,27.7571428571,5.8,33.3,23.3,-0.18864189622538735,44.7
sj,2009,24,2009-06-11,0.0758843849176074,0.0713,0.08968571,0.0782,299.56,299.528571429,301.5,297.9,23.83,79.2714285714,34.18,2.62857142857,27.8142857143,6.45714285714,32.2,23.9,-0.2450695156147697,78.7
sj,2009,25,2009-06-18,0.03945,0.035,0.1112143,0.1364286,299.951428571,299.957142857,301.7,298.4,8.61,79.7214285714,55.21,2.45714285714,28.0571428571,6.28571428571,32.8,24.4,-0.9371970069449651,80.1
sj,2009,26,2009-06-25,0.02156667,0.01685,0.18475,0.2024143,300.241428571,300.228571429,302.4,298.2,9.6,76.37,38.8,2.91428571429,28.6571428571,6.98571428571,33.3,24.4,-0.3191148349609027,40.0
sj,2009,27,2009-07-02,-0.0798,0.00745,0.2403333,0.2286,300.621428571,300.592857143,302.7,297.7,4.0,77.3214285714,19.38,3.75714285714,29.7857142857,6.65714285714,33.9,26.1,-1.114133982205693,0.0
sj,2009,28,2009-07-09,0.02915,0.1117333,0.1795286,0.1759714,300.87,300.928571429,302.8,298.8,11.49,76.9185714286,40.29,2.82857142857,29.1285714286,6.57142857143,33.9,23.9,-1.3706505053664182,50.0
sj,2009,29,2009-07-16,0.0501,0.069,0.2032333,0.2080429,300.717142857,300.821428571,302.6,298.7,15.43,79.1828571429,5.22,2.87142857143,29.3571428571,5.34285714286,32.8,26.1,-1.8517268639977729,12.7
sj,2009,30,2009-07-23,0.0067,0.05496667,0.1936286,0.1653857,300.758571429,300.842857143,302.6,298.8,27.4,79.5842857143,8.15,2.82857142857,29.3285714286,5.95714285714,32.8,24.4,-2.0223744871765175,28.2
sj,2009,31,2009-07-30,0.0838,0.1409333,0.1300714,0.1130571,300.865714286,300.871428571,302.6,299.0,26.64,78.73,26.35,2.65714285714,29.3714285714,6.18571428571,32.8,23.9,-1.9406603508962559,61.5
sj,2009,32,2009-08-06,-0.002,-0.035525,0.2497143,0.1535429,300.83,300.907142857,302.4,299.4,20.01,77.5728571429,6.73,2.35714285714,29.3142857143,5.55714285714,32.8,25.6,-1.5273399602996434,9.4
sj,2009,33,2009-08-13,0.0323,0.04776667,0.1554143,0.1342714,300.924285714,300.971428571,302.5,298.9,21.5,77.8357142857,16.15,2.34285714286,28.8142857143,6.32857142857,33.3,25.0,-1.7435673856724234,36.1
sj,2009,34,2009-08-20,0.03665783353990548,0.02,0.1940333,0.2151857,300.72,300.785714286,302.3,299.1,49.1,79.1828571429,90.59,2.45714285714,28.9142857143,5.78571428571,32.8,25.6,-1.8883188475386106,86.7
sj,2009,35,2009-08-27,0.02437950924110055,-0.0002333333,0.2517,0.2129143,300.877142857,300.942857143,303.7,298.4,32.72,79.7,15.02,2.88571428571,29.4714285714,5.22857142857,33.9,26.7,-2.287887012057711,11.3
sj,2009,36,2009-09-03,-0.01276667,0.0009,0.1799,0.1595143,301.101428571,301.214285714,303.7,299.1,8.1,76.5442857143,9.63,2.82857142857,29.5285714286,7.07142857143,35.0,24.4,-1.592374578226779,76.3
sj,2009,37,2009-09-10,0.0595,0.08106,0.1314286,0.09584286,300.621428571,300.707142857,302.9,298.3,49.2,80.3257142857,30.56,2.5,28.6428571429,5.02857142857,31.7,23.3,-2.1025718632645876,21.4
sj,2009,38,2009-09-17,0.0879,0.07886667,0.08078571,0.07994286,300.842857143,300.85,303.2,298.5,10.0,77.8542857143,9.52,3.35714285714,29.2,6.34285714286,34.4,25.0,-1.6388157326851955,104.7
sj,2009,39,2009-09-24,-0.06316667,0.058325,0.1537143,0.1367429,300.772857143,300.807142857,302.7,298.8,23.52,77.2185714286,53.19,2.98571428571,28.6428571429,6.54285714286,34.4,23.9,-1.360824217913764,35.8
sj,2009,40,2009-10-01,0.024472375100032195,0.006025,0.1571,0.1427429,301.144285714,301.221428571,303.7,299.1,15.4,78.5514285714,43.31,3.01428571429,29.3571428571,5.78571428571,33.3,25.6,-2.324997110283446,1.6
sj,2009,41,2009-10-08,0.3461,0.04855,0.1787667,0.2105,301.345714286,301.378571429,303.6,299.4,28.47,77.7671428571,60.94,2.58571428571,29.7285714286,6.1,33.3,26.1,-2.3734126743886628,7.4
sj,2009,42,2009-10-15,0.19475,0.135325,0.2547429,0.2541143,301.045714286,301.2,303.5,299.2,40.1,79.9157142857,20.01,2.88571428571,29.5428571429,5.38571428571,33.3,25.6,-2.588801631732495,29.5
sj,2009,43,2009-10-22,-0.07906667,-0.12845,0.2722429,0.2278143,300.831428571,300.985714286,303.1,299.0,18.7,79.3128571429,5.52,2.54285714286,28.9857142857,6.34285714286,33.3,24.4,-2.1057737448936,18.6
sj,2009,44,2009-10-29,0.010219933501652179,-6.666667e-05,0.2418571,0.2270429,300.757142857,300.8,302.6,298.6,15.38,75.4471428571,10.07,2.88571428571,29.1,6.5,33.9,25.0,-0.7902276107995962,2.1
sj,2009,45,2009-11-05,-0.08507269117551886,-0.1572,0.1306714,0.1443857,300.407142857,300.414285714,302.3,298.6,9.11,75.0357142857,12.01,2.82857142857,28.2714285714,5.71428571429,32.2,25.0,-0.1779771392742284,36.0
sj,2009,46,2009-11-12,-0.12391008614718402,-0.206,0.2320833,0.1026857,300.204285714,300.135714286,301.9,298.2,37.29,77.6657142857,51.55,2.38571428571,27.4,5.42857142857,30.6,22.8,-0.7142765280785561,121.1
sj,2009,47,2009-11-19,0.0291,-0.03568,0.1349833,0.1323,300.104285714,300.314285714,303.3,297.6,19.1,79.0542857143,94.13,3.17142857143,27.7285714286,6.9,32.8,23.9,-1.0178291504208836,97.3
sj,2009,48,2009-11-26,-0.0033,0.034416025980910314,0.2258857,0.1390429,299.988571429,300.135714286,301.9,297.7,12.5,81.1328571429,41.17,2.92857142857,27.3,6.21428571429,32.8,23.3,-1.4429502388159956,68.7
sj,2009,49,2009-12-03,0.17255,0.1421,0.2154571,0.2151571,300.038571429,300.15,302.0,298.0,1.42,75.7842857143,3.27,2.64285714286,26.8571428571,6.2,30.6,23.3,0.1183790145165958,20.1
sj,2009,50,2009-12-10,-0.0192,-0.04448,0.1941167,0.1522,300.025714286,300.221428571,301.8,298.5,11.5,75.99,0.0,2.15714285714,27.1285714286,5.91428571429,30.6,23.3,0.0881450293296375,12.0
sj,2009,51,2009-12-17,0.3517,0.17815,0.2365571,0.2147286,299.718571429,299.814285714,301.4,298.3,17.9,77.1914285714,1.88,2.08571428571,26.6857142857,5.78571428571,30.6,22.2,0.1642334066916391,28.4
sj,2009,52,2009-12-24,-0.07163333,-0.0481,0.172225,0.1085875,299.448571429,299.557142857,301.5,297.4,3.0,75.3514285714,0.0,2.65714285714,26.7142857143,6.04285714286,31.7,22.8,1.0768493172306868,1.8
sj,2010,53,2010-01-01,0.02384102804598598,0.03757408515117722,0.17705508999997832,0.1532260047104015,299.4580653609468,299.5428885505952,301.5966106359796,297.5729877390107,23.765546891532495,78.20270969213675,26.520472645979908,2.5871790888829693,27.272491970788714,6.152422315505476,31.676701544873776,23.10748490834324,0.19215389636798363,34.21248376719535
sj,2010,1,2010-01-08,0.332,0.0412,0.2023833,0.1897,298.66,298.828571429,301.7,296.6,17.76,79.3242857143,0.0,2.91428571429,26.4571428571,6.58571428571,31.7,21.7,1.0034675902777608,0.3
sj,2010,2,2010-01-15,0.0227,0.0227,0.1767714,0.1582143,298.452857143,298.664285714,301.6,296.5,16.97,78.6457142857,6.24,3.04285714286,25.6142857143,7.07142857143,31.7,20.6,1.5296432188111164,48.6
sj,2010,3,2010-01-22,0.2409,0.11044,0.1177714,0.1079,297.837142857,297.957142857,300.5,296.3,56.9,85.5385714286,0.0,2.02857142857,25.0857142857,4.84285714286,29.4,21.7,0.4088577016180018,207.7
sj,2010,4,2010-01-29,0.0799,0.03605,0.2159429,0.1729714,298.541428571,298.642857143,301.1,296.4,7.77,80.38,8.69,2.71428571429,25.7857142857,5.54285714286,30.6,22.8,0.8276894393292605,20.3
sj,2010,5,2010-02-05,0.0375,0.0782,0.1250143,0.1347571,298.19,298.285714286,299.7,296.6,7.6,72.6085714286,0.0,2.02857142857,24.9714285714,6.72857142857,28.9,20.0,3.603631216307525,5.2
sj,2010,6,2010-02-12,0.478,0.2132333,0.2625286,0.2623,298.76,298.957142857,301.7,296.1,0.3,72.5285714286,0.0,3.71428571429,26.3142857143,7.7,31.1,21.7,2.8453413479436565,0.0
sj,2010,7,2010-02-19,0.0292050426729773,0.0286,0.13875,0.1762286,298.837142857,299.192857143,302.3,296.6,2.5,76.6557142857,0.0,3.98571428571,26.3857142857,7.52857142857,31.1,21.7,1.5244440441418887,1.8
sj,2010,8,2010-02-26,-0.02973333,-0.06515,0.09831667,0.08487143,298.607142857,298.714285714,302.0,296.6,30.3,78.02,20.28,2.68571428571,26.7571428571,6.6,32.8,22.2,1.4618414859437368,4.8
sj,2010,9,2010-03-05,0.0479,0.00168,0.1630833,0.1480167,299.298571429,299.635714286,302.0,297.3,15.29,81.3057142857,0.0,3.75714285714,27.5714285714,6.77142857143,33.9,22.8,-0.5102159200791296,20.6
sj,2010,10,2010-03-12,-0.07507968080722094,-0.0111,0.04485714,0.02208571,298.218571429,298.25,302.2,293.8,43.5,80.4328571429,0.0,3.01428571429,25.9,5.95714285714,33.3,20.0,1.2621791656508334,43.0
sj,2010,11,2010-03-19,-0.101,-0.1214333,0.2296429,0.1776143,298.168571429,298.235714286,302.1,295.0,26.1,80.0085714286,0.0,2.9,26.1857142857,6.51428571429,33.3,21.1,1.4118323302099505,35.1
sj,2010,12,2010-03-26,-0.008233333,-0.0748,0.2853714,0.1961,299.937142857,300.135714286,302.9,296.8,1.8,77.8571428571,6.92,3.58571428571,28.0428571429,8.02857142857,33.3,22.2,-0.33105282802794334,0.3
sj,2010,13,2010-04-02,-0.06055,0.00845,0.3026857,0.2249429,299.79,300.085714286,301.9,298.0,0.8,74.9657142857,0.0,3.08571428571,27.5571428571,7.01428571429,31.7,23.3,0.7356456005385065,0.0
sj,2010,14,2010-04-09,-0.073,-0.05613333,0.2341286,0.1856857,298.801428571,298.985714286,302.0,296.2,6.85,72.2,11.01,2.85714285714,26.7714285714,6.75714285714,33.9,22.2,2.871618328672535,0.0
sj,2010,15,2010-04-16,0.0197,0.0132,0.1681286,0.1347571,298.541428571,298.65,300.6,296.1,12.3,74.1542857143,0.0,2.67142857143,26.1857142857,6.57142857143,30.0,21.1,2.657465026449808,17.6
sj,2010,16,2010-04-23,0.06955,0.033143139341186734,0.1177429,0.0991,298.628571429,298.778571429,301.7,297.1,48.3,80.63,28.28,2.55714285714,26.5285714286,5.8,32.2,22.8,0.6169275954678606,48.4
sj,2010,17,2010-04-30,-0.2154,-0.04085,0.0683,0.05615714,299.662857143,299.828571429,301.8,298.2,30.9,83.18,43.33,2.54285714286,27.8,5.25714285714,32.8,23.3,-1.6178441560608554,21.9
sj,2010,18,2010-05-07,0.00145,-0.0115,0.2146,0.2137857,300.294285714,300.364285714,303.1,298.2,24.08,79.6928571429,13.3,3.27142857143,28.5285714286,6.4,34.4,22.8,-1.3585294520551896,31.7
sj,2010,19,2010-05-14,-0.02065,0.004166667,0.1366429,0.1660143,299.502857143,299.657142857,301.9,297.7,14.2,79.1685714286,19.1,2.42857142857,27.0,5.62857142857,30.6,23.3,-0.13743633441408615,83.3
sj,2010,20,2010-05-21,0.0653,0.0993,0.1733143,0.1671429,299.791428571,299.842857143,301.8,298.6,41.5,81.3571428571,17.51,2.2,27.8714285714,5.25714285714,31.1,24.4,-1.204973231780035,85.3
sj,2010,21,2010-05-28,0.1254,0.02483333,0.1619,0.2083571,300.344285714,300.521428571,302.5,298.4,15.6,79.4028571429,31.56,3.21428571429,28.2142857143,6.75714285714,32.8,23.9,-1.4377281813094227,61.5
sj,2010,22,2010-06-04,0.05803333,0.0776,0.08121667,0.1078571,300.362857143,300.357142857,302.7,298.2,174.8,85.3457142857,125.84,2.4,28.4285714286,5.7,32.8,25.0,-3.271400307657838,56.2
sj,2010,23,2010-06-11,-0.0351,-0.022475,0.15555,0.1512714,300.938571429,301.128571429,303.2,299.2,8.1,81.3028571429,62.16,3.11428571429,28.9714285714,5.87142857143,33.3,25.0,-2.8292711630286074,17.7
sj,2010,24,2010-06-18,0.0371,0.072075,0.3342857,0.2732286,301.03,301.114285714,302.9,299.3,13.08,78.8642857143,18.94,2.65714285714,28.7,5.81428571429,32.2,25.0,-2.210594046249893,27.4
sj,2010,25,2010-06-25,0.072175,0.05403333,0.1621,0.1322429,300.268571429,300.278571429,302.7,298.3,78.6,83.0014285714,64.77,2.21428571429,27.4571428571,4.92857142857,31.7,23.3,-2.380426082767484,100.1
sj,2010,26,2010-07-02,-0.0817,-0.0171,0.1785429,0.1252143,300.312857143,300.421428571,302.6,298.7,36.12,83.6914285714,78.93,2.47142857143,27.4285714286,6.24285714286,32.2,23.3,-2.6897646414348353,72.2
sj,2010,27,2010-07-09,-0.0153,-0.005,0.2143857,0.1765571,300.871428571,300.978571429,302.7,299.3,27.57,82.0114285714,9.91,2.58571428571,28.8571428571,5.7,32.2,24.4,-2.980807208053775,46.0
sj,2010,28,2010-07-16,0.099,0.0356,0.2079,0.2079571,301.101428571,301.192857143,303.4,298.9,24.47,81.4942857143,28.44,2.64285714286,29.1857142857,6.25714285714,33.9,23.9,-3.158925889065986,7.2
sj,2010,29,2010-07-23,0.009833333,0.03178,0.05115714,0.07565714,300.247142857,300.371428571,302.2,298.8,100.9,84.0114285714,93.3,2.57142857143,27.8571428571,5.88571428571,32.2,23.3,-2.665614065319788,105.1
sj,2010,30,2010-07-30,0.08335,0.052,0.1494714,0.1137857,300.155714286,300.178571429,302.1,298.6,40.09,84.71,95.05,2.12857142857,27.3285714286,5.22857142857,31.7,22.8,-2.7230632136813893,67.5
sj,2010,31,2010-08-06,-0.01335,-0.02223333,0.2392714,0.2311714,300.845714286,300.885714286,302.6,299.1,19.56,80.7428571429,12.19,2.8,28.8857142857,5.48571428571,31.7,25.0,-2.5695985231430147,15.2
sj,2010,32,2010-08-13,0.02032234414780021,-0.0004,0.0749,0.1157333,301.214285714,301.164285714,303.6,299.3,39.9,80.0414285714,3.1,2.61428571429,29.4571428571,6.0,34.4,25.0,-2.8932613698452596,11.4
sj,2010,33,2010-08-20,-0.08675,-0.0105,0.13295,0.1404833,300.91,301.007142857,303.3,298.9,40.21,81.0628571429,55.55,3.12857142857,28.5142857143,5.7,32.2,25.0,-2.7556377288605125,67.1
sj,2010,34,2010-08-27,0.03126667,0.128875,0.2844714,0.2008571,301.127142857,301.2,303.8,298.5,34.08,80.4528571429,23.58,2.71428571429,29.2,5.78571428571,33.9,25.0,-2.9034080121115604,13.7
sj,2010,35,2010-09-03,0.11890823464131728,0.08176667,0.1728857,0.1753,301.507142857,301.542857143,304.1,299.3,87.1,78.7157142857,42.86,3.34285714286,28.9428571429,5.17142857143,32.2,24.4,-2.9207282400920147,103.4
sj,2010,36,2010-09-10,0.3101,0.1785667,0.1176333,0.1335167,301.364285714,301.464285714,304.0,299.4,31.7,79.5028571429,44.44,2.9,29.0571428571,5.72857142857,34.4,25.0,-2.9642421022033476,32.8
sj,2010,37,2010-09-17,0.0029,0.02006667,0.2180571,0.1339714,300.948571429,300.9,302.5,299.3,56.1,81.2114285714,57.8,2.31428571429,28.4142857143,5.32857142857,31.7,24.4,-2.891378489236234,77.1
sj,2010,38,2010-09-24,0.1101,0.07806667,0.1541429,0.1087714,301.09,301.221428571,303.2,299.2,27.6,78.3628571429,11.72,3.18571428571,28.6428571429,6.5,33.3,25.0,-2.2446935047600647,71.7
sj,2010,39,2010-10-01,0.09270809615618703,0.08916667,0.1352143,0.1002,300.905714286,300.835714286,302.6,298.9,30.65,79.0171428571,28.17,2.67142857143,27.8714285714,5.42857142857,31.1,24.4,-2.136259437224258,48.0
sj,2010,40,2010-10-08,0.08545,0.0887,0.1388,0.1544,300.725714286,300.757142857,302.8,299.0,32.52,80.7928571429,90.87,2.82857142857,28.1,5.4,32.2,25.0,-2.463101283488718,21.8
sj,2010,41,2010-10-15,0.2535,0.1899333,0.1137571,0.1099286,300.831428571,300.885714286,303.3,298.9,37.9,81.6242857143,132.05,2.85714285714,28.2,6.58571428571,33.3,24.4,-2.8684325023375568,85.7
sj,2010,42,2010-10-22,0.18415,0.164325,0.3621,0.3181286,300.891428571,300.971428571,303.0,298.1,14.5,77.9928571429,4.24,3.54285714286,28.0714285714,6.12857142857,32.8,24.4,-1.7632510264823902,24.4
sj,2010,43,2010-10-29,-0.0157,-0.09115,0.3367,0.2160714,300.914285714,300.985714286,303.3,298.5,4.8,73.4828571429,1.24,3.05714285714,28.0142857143,6.37142857143,33.3,23.9,-0.367759224142983,12.1
sj,2010,44,2010-11-05,-0.2052,0.13015,0.1387143,0.1344143,300.325714286,300.364285714,302.2,298.3,55.3,77.4014285714,10.37,2.64285714286,27.8857142857,6.34285714286,32.2,22.8,-0.7901131982254287,61.7
sj,2010,45,2010-11-12,0.0532,0.04565,0.1268667,0.08613333,299.848571429,299.75,301.7,297.8,120.7,81.5514285714,89.65,1.98571428571,27.5285714286,6.02857142857,32.2,23.3,-1.4229773090970799,120.0
sj,2010,46,2010-11-19,-0.18265,0.1144667,0.10925,0.08024286,298.954285714,299.121428571,301.7,296.9,34.0,78.03,42.65,3.12857142857,26.2857142857,5.0,30.0,22.8,0.969116423853415,48.6
sj,2010,47,2010-11-26,-0.212,0.0148,0.2818571,0.2147286,299.258571429,299.271428571,300.7,297.2,17.58,70.9328571429,1.08,2.17142857143,26.1571428571,5.7,29.4,22.2,2.6958025959587073,27.5
sj,2010,48,2010-12-03,-0.0527,0.01235,0.1708857,0.175,298.882857143,298.942857143,300.3,296.7,19.0,71.0842857143,2.12,1.94285714286,25.6857142857,5.4,28.9,21.1,3.139920850632315,6.0
sj,2010,49,2010-12-10,0.4955,0.2151474432682534,0.2561,0.2230571,298.002857143,297.764285714,299.7,294.8,3.7,64.92,0.0,3.44285714286,24.6571428571,6.8,28.3,20.0,6.161011553852985,5.1
sj,2010,50,2010-12-17,-0.1851667,-0.132375,0.209,0.2016571,298.822857143,298.928571429,301.3,296.3,8.76,78.5142857143,32.9,3.57142857143,26.1285714286,5.94285714286,31.1,22.8,0.9849656558468157,45.2
sj,2010,51,2010-12-24,0.0223,-0.03633333,0.1317143,0.1273571,298.09,298.15,301.4,296.1,30.8,77.07,15.16,2.7,25.2,5.48571428571,30.6,21.1,2.3967250920603145,118.4
sj,2011,52,2011-01-01,0.065,0.04484087744329579,0.1623286,0.1499111,298.247142857,298.2,300.0,296.9,8.3,74.5685714286,7.57,1.97142857143,25.4285714286,5.08571428571,28.3,22.2,2.9897806373645026,5.7
sj,2011,1,2011-01-08,0.00895,0.01385,0.1041143,0.07068571,296.982857143,296.928571429,298.2,295.8,27.68,77.1571428571,9.17,1.48571428571,24.1571428571,4.04285714286,27.2,20.6,3.844984982006362,23.2
sj,2011,2,2011-01-15,-0.07806197227576916,-0.03813333,0.1226143,0.1074,297.898571429,298.028571429,300.1,296.4,5.7,81.7714285714,7.58,2.11428571429,25.0857142857,6.67142857143,31.7,21.1,1.3481477784369826,24.1
sj,2011,3,2011-01-22,-0.1112,-0.041775,0.3041714,0.2455429,298.294285714,298.478571429,300.1,297.1,7.2,80.0757142857,10.11,2.12857142857,25.4142857143,5.94285714286,30.0,21.7,1.3364614932126901,16.3
sj,2011,4,2011-01-29,-0.101,0.0288,0.2506143,0.2021857,298.314285714,298.557142857,300.3,296.9,0.3,78.2142857143,0.0,2.85714285714,25.2857142857,6.95714285714,30.0,20.6,1.8101125589147202,2.5
sj,2011,5,2011-02-05,-0.0679,0.05163333,0.1912429,0.1955286,298.1,298.414285714,300.1,296.7,1.1,75.5814285714,0.0,2.8,25.0714285714,6.97142857143,29.4,20.6,2.8766965742794266,6.1
sj,2011,6,2011-02-12,-0.06153333,0.04316667,0.1529857,0.1240429,298.05,298.257142857,299.9,296.3,3.7,77.1514285714,0.0,2.54285714286,25.6285714286,6.64285714286,30.0,21.1,2.515085160551988,8.8
sj,2011,7,2011-02-19,-0.08101426550938129,-0.09375,0.2440857,0.1502286,298.211428571,298.364285714,300.0,296.8,2.44,77.9471428571,0.0,2.64285714286,26.0,6.5,30.0,22.2,2.041708684060374,20.9
sj,2011,8,2011-02-26,-0.04325,0.015975,0.2521857,0.1530286,297.567142857,297.728571429,300.2,295.8,22.5,80.1685714286,0.0,2.48571428571,25.2,6.25714285714,29.4,21.7,2.2697139258638614,25.1
sj,2011,9,2011-03-05,-0.03105,-0.0164,0.1585,0.1749833,297.287142857,297.3,298.8,295.4,0.4,70.3257142857,8.04,2.17142857143,24.7857142857,5.7,28.3,21.1,5.443416150425873,1.0
sj,2011,10,2011-03-12,-0.08743333,-0.09346667,0.2900714,0.1417,297.26,297.35,299.3,295.7,4.4,75.2285714286,10.56,2.55714285714,25.1571428571,6.67142857143,28.9,20.6,4.058445293137941,3.3
sj,2011,11,2011-03-19,-0.16475,-0.0063,0.2117714,0.2136857,296.95,297.05,298.8,294.7,2.8,68.6885714286,0.0,2.44285714286,24.9571428571,5.65714285714,28.3,21.1,6.355185409098114,2.1
sj,2011,12,2011-03-26,0.06544414793640385,0.09122,0.2114714,0.1593286,297.18,297.171428571,299.0,295.0,16.1,74.0228571429,0.0,2.62857142857,25.1,6.54285714286,29.4,20.6,4.526035832533942,11.6
sj,2011,13,2011-04-02,-0.0839,0.03255,0.1813286,0.1812,297.682857143,297.792857143,300.4,295.1,13.16,80.1414285714,15.13,2.52857142857,25.7142857143,7.14285714286,31.1,20.6,2.1208763481089155,12.1
sj,2011,14,2011-04-09,0.05416,0.07942,0.1561429,0.1509571,298.52,298.671428571,300.6,296.8,6.9,80.0857142857,1.9,2.74285714286,27.0,7.8,32.8,21.7,1.035363814064268,4.6
sj,2011,15,2011-04-16,0.073,0.06053333,0.1756143,0.1548,298.291428571,298.485714286,300.4,296.8,0.7,74.3985714286,0.0,2.62857142857,26.0,6.81428571429,30.6,21.7,2.966468530676491,6.8
sj,2011,16,2011-04-23,0.07662183967556757,0.1077,0.2231286,0.2218,297.895714286,297.971428571,299.6,296.6,12.0,77.7242857143,31.97,2.14285714286,25.8714285714,5.92857142857,29.4,22.2,2.4966061082593063,23.1
sj,2011,17,2011-04-30,-0.07795,-0.2118,0.1421571,0.1457,298.297142857,298.521428571,300.4,296.7,3.7,74.9914285714,2.95,2.84285714286,26.5142857143,6.27142857143,30.6,22.8,2.75107957410325,0.3
sj,2011,18,2011-05-07,-0.04453333,-0.0261,0.1282333,0.1023714,298.492857143,298.478571429,300.2,297.1,31.1,81.63,41.53,1.78571428571,26.0857142857,5.07142857143,30.6,22.8,0.605157962875053,89.5
sj,2011,19,2011-05-14,-0.06685,0.0039,0.1433286,0.1329429,298.235714286,298.321428571,299.9,296.7,7.2,74.6028571429,9.53,1.92857142857,26.0714285714,4.92857142857,29.4,22.8,2.951801005133621,0.0
sj,2011,20,2011-05-21,-0.032742220432631086,0.087875,0.1036833,0.09585714,298.067142857,298.142857143,300.5,295.5,301.4,84.4528571429,72.74,2.28571428571,26.8,6.02857142857,32.8,21.1,0.35923754829641574,40.4
sj,2011,21,2011-05-28,0.06186667,0.076725,0.06075714,0.07672857,298.782857143,298.828571429,300.7,296.8,276.9,86.7814285714,69.66,2.28571428571,25.9428571429,6.17142857143,30.0,20.6,-1.293517716965441,84.3
sj,2011,22,2011-06-04,0.05805,0.07835,0.1345286,0.1158429,299.775714286,299.807142857,301.7,298.1,28.5,83.7085714286,76.75,1.87142857143,27.4142857143,5.34285714286,30.6,23.9,-1.866523501741797,61.3
sj,2011,23,2011-06-11,0.0253,0.06476667,0.06235714,0.05914286,299.498571429,299.592857143,301.5,297.7,37.3,84.7085714286,71.88,1.81428571429,26.5571428571,6.3,30.6,21.1,-1.759385552460172,108.4
sj,2011,24,2011-06-18,0.06785,0.09993333,0.1639143,0.2054143,300.214285714,300.228571429,302.1,297.8,203.8,86.6785714286,52.92,2.05714285714,27.8428571429,6.75714285714,33.9,22.8,-3.3857265416531046,200.6
sj,2011,25,2011-06-25,0.0753,0.08775,0.241,0.2038571,300.698571429,300.735714286,302.4,299.4,15.2,82.8971428571,28.95,1.98571428571,28.2142857143,6.57142857143,33.3,22.2,-2.950656570163824,70.8
sj,2011,26,2011-07-02,0.09443333,0.10244,0.1341714,0.1007286,300.641428571,300.671428571,302.5,299.4,13.6,82.08,75.82,2.0,28.3142857143,5.78571428571,33.3,22.8,-2.6048404397592084,6.4
sj,2011,27,2011-07-09,0.00035,0.03214,0.1324857,0.1008429,300.132857143,300.164285714,301.8,298.3,28.7,84.2057142857,70.37,1.87142857143,27.7428571429,5.8,32.2,23.9,-2.5201303641609223,33.0
sj,2011,28,2011-07-16,0.11470903730598536,0.18825,0.2075714,0.1997,300.085714286,300.078571429,301.6,298.8,21.5,84.0614285714,28.3,1.87142857143,28.1142857143,5.57142857143,31.7,23.3,-2.3866157212747465,25.0
sj,2011,29,2011-07-23,0.056009733504353676,0.0829,0.1063857,0.1326429,300.411428571,300.457142857,301.8,299.0,11.6,80.6385714286,43.48,2.0,27.5,7.05714285714,32.8,22.8,-1.8429139223784416,99.6
sj,2011,30,2011-07-30,-0.0159,0.0503,0.1628429,0.1579429,300.591428571,300.692857143,302.4,299.1,31.2,83.2285714286,57.69,2.15714285714,28.5285714286,6.25714285714,32.8,25.0,-2.89711047836036,48.2
sj,2011,31,2011-08-06,-0.0132,0.051825,0.1594143,0.1967,300.26,300.228571429,302.1,298.9,42.1,82.2571428571,33.85,2.11428571429,27.8857142857,6.27142857143,31.1,23.9,-2.128101905002294,80.3
sj,2011,32,2011-08-13,0.05022942497686955,0.10062477641499457,0.2486,0.2465286,300.608571429,300.664285714,302.6,298.5,22.5,84.1014285714,85.88,2.04285714286,28.3142857143,5.17142857143,32.2,22.8,-3.198436982514098,83.9
sj,2011,33,2011-08-20,0.04,0.2155,0.2223571,0.1979,300.861428571,301.007142857,302.7,299.3,7.5,80.3342857143,14.22,2.44285714286,28.5714285714,6.64285714286,33.3,23.3,-2.410271065470735,20.3
sj,2011,34,2011-08-27,0.0994,0.0998,0.1454857,0.1467857,300.632857143,300.521428571,302.2,298.4,89.5,83.2857142857,120.16,1.84285714286,28.2,5.7,32.8,24.4,-3.0037303129571247,205.8
sj,2011,35,2011-09-03,-0.03925,0.000225,0.2394857,0.1892857,300.672857143,300.671428571,302.3,299.0,5.9,82.03,93.06,2.2,27.6,6.51428571429,33.3,22.8,-2.6590043591232058,153.1
sj,2011,36,2011-09-10,0.04715143880257955,0.06483333,0.2003286,0.1835857,300.854285714,300.935714286,302.4,299.5,9.3,78.7542857143,28.09,2.32857142857,28.4857142857,6.25714285714,33.3,24.4,-1.9331435282301532,33.3
sj,2011,37,2011-09-17,0.1231,0.1106,0.1815833,0.1380667,301.098571429,301.078571429,302.6,299.4,34.1,79.6642857143,19.72,2.3,28.8,5.61428571429,34.4,25.6,-2.5742714007590775,21.5
sj,2011,38,2011-09-24,-0.00585,0.0351,0.1538857,0.1245857,300.545714286,300.542857143,302.9,298.1,17.1,80.4257142857,98.32,2.2,26.8285714286,5.84285714286,32.2,22.8,-2.0020125549738554,29.0
sj,2011,39,2011-10-01,-0.07495,0.1554333,0.3221714,0.2573286,300.545714286,300.6,302.2,299.2,25.9,81.7557142857,54.67,2.14285714286,27.9285714286,6.5,32.2,23.9,-2.3900006630049324,48.8
sj,2011,40,2011-10-08,0.1027,0.1133,0.3673286,0.2589286,300.92,301.078571429,303.2,299.3,1.9,80.1528571429,27.9,2.32857142857,28.6142857143,6.72857142857,33.3,23.9,-2.4651590411315696,39.4
sj,2011,41,2011-10-15,0.0313,0.04263333,0.1176714,0.1079667,300.698571429,300.735714286,302.4,299.3,1.4,78.11,50.93,2.15714285714,27.8857142857,6.6,32.8,23.3,-1.5067263202543149,32.5
sj,2011,42,2011-10-22,-0.0216,-0.0404,0.1848857,0.1574429,300.567142857,300.557142857,302.2,298.9,7.3,77.6971428571,19.83,2.25714285714,27.8428571429,7.32857142857,32.8,23.3,-1.1916247079561937,10.4
sj,2011,43,2011-10-29,-0.0219,-0.0525,0.1477571,0.1242571,300.341428571,300.364285714,302.5,298.6,6.9,75.4171428571,6.38,2.5,27.2714285714,6.44285714286,31.1,23.3,-0.16507808176617625,58.0
sj,2011,44,2011-11-05,0.0893,0.0436,0.2261167,0.1855714,300.397142857,300.5,302.4,298.7,8.1,80.4071428571,4.75,2.37142857143,27.7142857143,6.5,31.1,22.8,-1.7746627224962284,39.0
sj,2011,45,2011-11-12,0.1903,0.07236667,0.2001167,0.07466667,300.237142857,300.407142857,302.4,298.6,6.0,78.6428571429,98.53,2.61428571429,27.1857142857,7.08571428571,32.8,22.8,-1.042063073205403,15.2
sj,2011,46,2011-11-19,-0.4634,-0.0331,0.1027857,0.0611,300.134285714,300.307142857,302.0,298.4,25.9,79.3842857143,44.02,2.32857142857,27.1,6.28571428571,31.7,23.3,-1.0924988131881832,31.8
sj,2011,47,2011-11-26,-0.02486667,0.0261,0.1853143,0.1791857,299.417142857,299.228571429,300.7,297.7,60.0,80.5971428571,0.0,2.0,27.0857142857,5.15714285714,30.0,23.3,-0.41051796412428654,22.1
sj,2011,48,2011-12-03,-0.1309333,0.0022,0.2177286,0.2201429,299.095714286,299.135714286,301.1,297.4,26.0,81.1885714286,8.85,1.98571428571,26.3,5.31428571429,30.0,22.2,-0.12042827880754481,50.2
sj,2011,49,2011-12-10,0.0886,-0.05363333,0.3307286,0.2199,298.9,298.985714286,300.3,297.7,5.3,75.6671428571,5.54,1.85714285714,26.0142857143,5.4,28.9,21.7,1.7308222992961313,93.7
sj,2011,50,2011-12-17,0.07381404865296304,0.14165,0.1836,0.1461571,298.717142857,298.778571429,300.2,297.6,70.8,80.9242857143,169.34,1.72857142857,25.9142857143,5.21428571429,29.4,22.8,0.45715885384809596,70.9
sj,2011,51,2011-12-24,0.1028667,0.0522,0.1072857,0.08585714,298.28,298.264285714,299.7,296.6,6.1,71.7171428571,0.0,2.1,25.5714285714,5.17142857143,28.9,22.2,3.7835641302587377,27.0
sj,2012,52,2012-01-01,0.1653,0.099025,0.152875,0.0815125,298.507142857,298.564285714,300.1,297.0,8.0,73.1871428571,15.3,2.04285714286,25.8285714286,5.78571428571,29.4,22.2,3.046749253434071,48.1
sj,2012,1,2012-01-08,0.02685,0.0642,0.2285143,0.1994,298.694285714,298.807142857,300.4,297.3,1.4,76.5171428571,0.0,2.32857142857,26.2,6.11428571429,30.6,22.2,1.8130169684959259,4.7
sj,2012,2,2012-01-15,-0.1263667,0.01268,0.2306857,0.1241571,298.204285714,298.292857143,300.2,296.9,10.7,78.8328571429,0.0,2.12857142857,25.4142857143,6.24285714286,29.4,21.1,1.805325268795997,13.0
sj,2012,3,2012-01-22,-0.06515,0.0226,0.15214,0.1840143,298.35,298.55,300.2,297.1,1.0,74.55,0.0,2.35714285714,25.4428571429,6.0,29.4,21.7,2.8736319872913785,6.4
sj,2012,4,2012-01-29,0.31275,0.1132,0.1889857,0.1817429,297.347142857,297.464285714,299.1,295.5,13.8,76.8942857143,0.0,2.15714285714,24.8571428571,6.02857142857,28.3,20.6,3.5157045587541984,27.5
sj,2012,5,2012-02-05,-0.1114,0.0191,0.1417571,0.1323143,297.404285714,297.492857143,299.3,296.0,7.9,75.6385714286,0.0,2.47142857143,24.8285714286,5.78571428571,28.3,21.1,3.794374364918247,32.2
sj,2012,6,2012-02-12,-0.0469,0.054,0.255,0.1690857,297.567142857,297.657142857,299.5,296.2,7.8,78.1057142857,7.02,2.31428571429,24.9,5.8,28.3,21.1,2.865505520275106,25.5
sj,2012,7,2012-02-19,-0.0006333333,-0.1169333,0.1536571,0.1449,297.932857143,298.15,300.1,296.5,1.9,76.9671428571,0.0,2.7,25.6428571429,6.82857142857,31.1,21.7,2.6837126078531695,12.5
sj,2012,8,2012-02-26,-0.0569,0.156225,0.3853833,0.30625,297.224285714,297.378571429,299.6,295.8,24.5,78.2257142857,0.0,2.52857142857,24.8857142857,5.64285714286,28.3,20.6,3.2854731994612045,8.2
sj,2012,9,2012-03-04,-0.01215,0.00042,0.1655429,0.1632714,298.032857143,298.221428571,300.0,296.6,2.8,75.4257142857,0.0,2.61428571429,26.1428571429,6.24285714286,30.0,21.7,3.033248734571691,5.8
sj,2012,10,2012-03-11,0.0065,0.028225,0.2108714,0.1460429,297.811428571,297.914285714,299.9,295.4,8.0,78.5142857143,12.06,2.57142857143,25.9,6.72857142857,30.6,21.7,2.4567060129550256,9.8
sj,2012,11,2012-03-18,-0.0854,0.0586,0.233,0.1981143,297.701428571,297.771428571,299.6,295.9,15.5,76.5314285714,9.11,2.48571428571,25.6285714286,6.1,29.4,22.2,3.154390617003017,16.0
sj,2012,12,2012-03-25,-0.08379795177538085,-0.085,0.07594286,0.0711,297.685714286,297.75,299.7,295.6,3.2,74.1528571429,84.44,2.61428571429,26.0428571429,6.9,30.6,22.2,3.8447414579300494,0.6
sj,2012,13,2012-04-01,0.0902,0.0212,0.1131429,0.09855714,297.075714286,297.071428571,299.8,295.4,71.6,82.2242857143,93.61,2.08571428571,25.7285714286,6.1,30.0,22.2,2.369449464354544,134.9
sj,2012,14,2012-04-08,-0.0487,0.03106667,0.1584429,0.1257286,297.931428571,297.971428571,300.7,295.4,35.7,82.1228571429,59.89,2.4,26.2857142857,6.81428571429,32.2,22.2,1.2355213655771051,75.2
sj,2012,15,2012-04-15,0.0576,-0.02305,0.1094333,0.0852,298.638571429,298.671428571,300.7,297.0,8.3,78.44,19.2,2.54285714286,26.9,5.94285714286,32.2,23.3,1.2999381566427521,12.4
sj,2012,16,2012-04-22,0.1528,0.2424,0.2454667,0.2488,298.2,298.107142857,300.5,295.8,49.7,79.51,26.2,2.21428571429,26.5285714286,6.42857142857,33.3,22.8,1.5886859581021628,84.1
sj,2012,17,2012-04-29,0.014975,-0.00362,0.1908571,0.1396,298.012857143,298.021428571,301.0,295.4,1.1,74.7571428571,2.49,2.55714285714,26.4285714286,6.35714285714,32.8,21.7,3.1638197196037017,17.5
sj,2012,18,2012-05-06,-0.0201,0.0003,0.08328333,0.07257143,298.964285714,299.007142857,301.2,297.3,16.0,81.1642857143,5.79,2.21428571429,27.8428571429,6.2,33.3,23.9,0.07067280700968775,20.6
sj,2012,19,2012-05-13,0.1338667,0.1546,0.1486571,0.1466143,298.421428571,298.392857143,300.2,297.0,23.92,81.6814285714,46.85,1.87142857143,26.5142857143,5.38571428571,30.0,22.8,0.6574765834668586,72.0
sj,2012,20,2012-05-20,-0.1709,-0.0351,0.09203333,0.06088333,299.447142857,299.514285714,301.5,297.8,2.5,83.3428571429,45.91,2.25714285714,27.7571428571,5.65714285714,31.7,23.9,-1.261080496355771,17.8
sj,2012,21,2012-05-27,0.17235,0.06846667,0.1877714,0.1193286,299.125714286,299.085714286,301.0,297.3,13.7,83.8428571429,25.74,2.54285714286,27.5142857143,5.98571428571,31.7,23.9,-0.9355118862786194,34.6
sj,2012,22,2012-06-03,-0.0268,0.02413333,0.1911286,0.1526714,299.475714286,299.564285714,301.4,297.6,3.8,76.7428571429,0.64,2.78571428571,27.5571428571,6.37142857143,31.7,23.9,0.6868492163894335,6.4
sj,2012,23,2012-06-10,0.0355,0.0118,0.2532857,0.2030571,300.437142857,300.478571429,302.5,298.5,0.1,78.6271428571,6.44,3.15714285714,29.2,7.2,33.9,24.4,-1.2104616961288026,3.6
sj,2012,24,2012-06-17,0.02961596834810365,0.0373,0.1486833,0.1225,300.778571429,300.85,302.9,298.2,0.0,76.0514285714,4.51,3.38571428571,29.5857142857,7.35714285714,33.9,25.0,-0.9091351919750236,0.0
sj,2012,25,2012-06-24,0.04925595498268365,0.0462,0.2058714,0.1713143,300.884285714,301.007142857,303.1,299.0,1.2,77.1342857143,31.52,3.32857142857,30.0,7.27142857143,35.0,26.1,-1.4053285431640863,0.6
sj,2012,26,2012-07-01,0.03537138073194512,0.01193333,0.1523,0.1498571,300.87,300.942857143,303.1,299.3,4.5,78.0614285714,0.0,3.11428571429,30.2714285714,7.58571428571,35.0,25.6,-1.68113970527865,3.1
sj,2012,27,2012-07-08,-0.0059,0.0495,0.1681571,0.1264571,300.647142857,300.635714286,303.0,299.0,12.6,78.3971428571,6.15,2.64285714286,29.5428571429,7.27142857143,33.9,25.0,-1.4668866895527102,11.0
sj,2012,28,2012-07-15,-0.00425,0.06515,0.1304714,0.1351143,300.288571429,300.307142857,302.2,298.8,21.0,80.54,58.48,2.07142857143,28.4571428571,6.42857142857,32.8,23.3,-1.6195815581910182,52.0
sj,2012,29,2012-07-22,-0.03316669385890236,-0.04336667,0.11406,0.1218,300.58,300.628571429,302.7,298.8,5.0,80.3057142857,17.72,2.51428571429,29.0428571429,5.47142857143,32.8,25.6,-1.9643761596949594,13.2
sj,2012,30,2012-07-29,-0.09,-0.09856667,0.1544714,0.09651429,300.465714286,300.471428571,302.1,298.7,20.6,82.1842857143,22.19,2.28571428571,28.6285714286,5.45714285714,32.8,25.0,-2.356198676542603,49.4
sj,2012,31,2012-08-05,0.0859,0.0095,0.16885,0.1110167,300.801428571,300.764285714,302.6,299.1,16.0,78.4185714286,11.16,2.35714285714,28.9857142857,5.55714285714,32.8,25.0,-1.693260757890834,8.7
sj,2012,32,2012-08-12,0.03206525178570985,0.0589,0.1974429,0.1661571,300.474285714,300.485714286,302.2,299.1,50.7,81.6514285714,62.2,2.05714285714,28.5142857143,5.4,32.8,24.4,-2.2178280957961314,50.1
sj,2012,33,2012-08-19,0.0777,-0.01435,0.07313333,0.08764286,300.9,301.0,302.7,299.5,15.9,80.9828571429,55.64,2.42857142857,28.6285714286,6.94285714286,33.9,23.3,-2.6646987657829584,69.6
sj,2012,34,2012-08-26,0.0345,0.04453333,0.09677143,0.09642857,300.95,301.042857143,302.8,299.4,7.3,79.6314285714,28.97,2.34285714286,29.1142857143,5.61428571429,33.3,25.6,-2.295707824030339,26.9
sj,2012,35,2012-09-02,0.2705,-0.08693333,0.1975,0.1766714,300.325714286,300.3,302.3,298.4,57.4,80.8628571429,76.41,2.2,28.0142857143,6.02857142857,32.2,23.9,-1.7917312433330221,80.2
sj,2012,36,2012-09-09,0.0011,0.0801,0.3029571,0.2067857,300.695714286,300.814285714,302.7,299.3,1.8,77.8028571429,2.13,2.45714285714,28.7714285714,5.7,32.2,25.6,-1.3850352586314842,3.1
sj,2012,37,2012-09-16,0.16795,0.09135,0.2188286,0.2360429,301.065714286,301.235714286,303.1,299.1,1.3,75.0728571429,1.26,3.35714285714,29.5428571429,6.58571428571,33.3,25.6,-1.0216324933327545,0.0
sj,2012,38,2012-09-23,0.2986,0.033,0.2189286,0.2298,301.068571429,301.221428571,302.9,299.5,1.4,75.5814285714,15.09,2.72857142857,29.6714285714,6.74285714286,33.3,26.1,-1.2257388661648565,5.6
sj,2012,39,2012-09-30,-0.0076,0.0052,0.16935,0.1150571,301.394285714,301.471428571,303.0,299.7,2.7,76.5385714286,25.17,2.45714285714,29.7285714286,6.64285714286,33.9,25.6,-1.9838309754281025,5.4
sj,2012,40,2012-10-07,0.1394441709935208,0.1445,0.2415143,0.1779429,301.022857143,301.0,303.0,299.6,4.8,77.8914285714,53.04,2.22857142857,28.9428571429,6.9,33.3,24.4,-1.8948746056921928,42.6
sj,2012,41,2012-10-14,0.0937,0.0872,0.1617167,0.1427143,300.768571429,300.871428571,302.8,299.1,13.3,76.6457142857,18.78,2.54285714286,28.6428571429,6.22857142857,32.2,25.0,-1.1289763849254042,17.3
sj,2012,42,2012-10-21,0.02679894097465052,0.07615,0.1523714,0.1075714,300.678571429,300.764285714,302.4,299.2,42.1,81.9,31.75,2.21428571429,28.5285714286,6.35714285714,33.9,23.3,-2.6845197011624204,32.5
sj,2012,43,2012-10-28,-0.051,0.06735,0.1408857,0.1261143,300.734285714,300.821428571,302.5,299.1,10.4,79.3171428571,29.62,2.24285714286,28.6142857143,6.9,33.3,24.4,-1.9609994009605758,49.8
sj,2012,44,2012-11-04,-0.06705,-0.07655,0.1424429,0.08971429,300.911428571,301.107142857,303.6,299.4,3.6,78.9414285714,46.91,2.9,29.4,7.28571428571,34.4,24.4,-2.100574570152863,19.3
sj,2012,45,2012-11-11,0.035760108851093264,0.039757788108709446,0.19495,0.1864714,300.621428571,300.735714286,302.8,299.4,8.3,77.8342857143,12.28,2.21428571429,28.6714285714,6.02857142857,33.3,25.0,-1.3146952358292607,1.5
sj,2012,46,2012-11-18,-0.1022,0.07423333,0.1327167,0.162,300.301428571,300.3,302.5,298.3,49.1,78.4885714286,26.44,2.48571428571,28.5142857143,6.34285714286,32.8,24.4,-1.033029489648101,3.1
sj,2012,47,2012-11-25,0.1046,0.0023,0.0062,-0.01467143,300.225714286,300.228571429,302.0,298.9,12.0,80.3028571429,27.82,2.17142857143,27.9142857143,5.88571428571,31.1,24.4,-1.50681785069018,14.2
sj,2012,48,2012-12-02,-0.1687667,-0.03216667,0.2129857,0.1879286,299.762857143,300.014285714,302.0,298.0,21.7,78.2214285714,26.6,2.45714285714,27.6142857143,5.74285714286,31.1,23.9,-0.19222459789833257,46.6
sj,2012,49,2012-12-09,0.033749678391039595,0.0163,0.1902429,0.1598571,299.331428571,299.271428571,301.4,297.5,16.2,78.3071428571,3.08,2.22857142857,27.1428571429,5.88571428571,31.1,23.3,0.3827555979229909,58.9
sj,2012,50,2012-12-16,-0.364,-0.1429,0.06725714,0.06585714,299.15,299.2,300.9,297.1,19.3,75.0814285714,34.66,2.2,27.0857142857,6.3,32.2,22.8,1.632131172543511,9.8
sj,2012,51,2012-12-23,-0.1163,-0.09245,0.07767143,0.05647143,298.757142857,298.842857143,300.9,296.8,8.9,75.3257142857,0.0,2.45714285714,26.2428571429,5.7,30.6,21.7,2.0683746680435107,26.4
sj,2013,1,2013-01-01,-0.3098,-0.11205,0.1436714,0.1408143,298.295714286,298.414285714,300.3,296.0,15.8,80.5528571429,31.83,2.37142857143,26.9428571429,6.58571428571,31.1,21.7,1.1849712130201573,22.7
sj,2013,2,2013-01-08,0.02015,0.0661,0.1156333,0.1182429,298.798571429,299.014285714,300.6,297.3,2.7,74.9528571429,0.0,2.22857142857,26.0857142857,5.22857142857,29.4,22.2,2.1819163805117268,8.7
sj,2013,3,2013-01-15,-0.2749,-0.0832,0.1235714,0.1298571,298.007142857,297.985714286,299.8,295.8,8.5,73.4928571429,0.0,1.77142857143,25.6,5.5,28.9,21.1,3.616438744150264,17.2
sj,2013,4,2013-01-22,-0.0714,-0.01942,0.2051429,0.1898571,297.622857143,297.85,299.9,295.8,8.3,75.6685714286,0.0,2.64285714286,25.1428571429,5.71428571429,28.9,21.7,3.475232401492572,6.4
sj,2013,5,2013-01-29,0.2359,0.117,0.1545,0.1411429,298.155714286,298.25,300.6,296.7,7.7,78.1,0.0,2.38571428571,26.1285714286,6.27142857143,30.0,22.2,2.114343472721212,6.1
sj,2013,6,2013-02-05,0.0082,0.02113333,0.18005,0.06411667,297.65,297.721428571,299.7,296.0,15.1,75.9385714286,0.0,2.67142857143,25.3,6.31428571429,29.4,20.6,3.4264964818746675,26.4
sj,2013,7,2013-02-12,0.1198,0.07885,0.2703714,0.1865,297.914285714,298.028571429,300.0,296.1,7.6,73.8728571429,0.0,2.68571428571,25.3285714286,6.58571428571,30.0,21.1,3.622361975116289,34.8
sj,2013,8,2013-02-19,-0.0518,-0.025025,0.2097286,0.1870143,298.035714286,298.3,300.4,296.2,0.3,72.7942857143,0.0,2.77142857143,25.6285714286,6.97142857143,31.1,21.1,3.7841590749819245,0.3
sj,2013,9,2013-02-26,-0.006125,0.007633333,0.1280333,0.1348833,298.088571429,298.335714286,300.1,296.4,1.5,73.9171428571,0.0,2.87142857143,25.8,6.58571428571,30.0,22.2,3.3934267347764853,4.1
sj,2013,10,2013-03-05,-0.03019848979917583,-0.0136,0.03192857,0.0005,298.191428571,298.4,300.7,295.9,4.6,73.0371428571,23.06,3.62857142857,26.6714285714,8.4,32.8,21.7,3.5089804400549163,6.6
sj,2013,11,2013-03-12,0.008,0.054875,0.2443286,0.2219429,297.157142857,297.192857143,300.2,295.2,13.5,72.5628571429,0.0,2.12857142857,25.3571428571,5.47142857143,30.0,21.7,4.962294026961881,17.1
sj,2013,12,2013-03-19,-0.04515,0.006225,0.1075143,0.1167,297.288571429,297.357142857,299.5,295.3,4.8,68.1814285714,0.0,3.05714285714,25.8428571429,6.47142857143,29.4,21.7,6.116804700650507,4.8
sj,2013,13,2013-03-26,-0.0874,-0.01618333,0.1563429,0.1051857,298.67,298.885714286,301.3,296.4,2.55,78.78,30.34,3.31428571429,27.5428571429,7.94285714286,33.9,22.8,1.1928688550311117,3.5
sj,2013,14,2013-04-02,-0.20325,-0.07783333,0.2041714,0.1789143,298.035714286,298.157142857,301.5,295.9,64.3,81.65,6.55,2.82857142857,26.6428571429,6.64285714286,33.3,22.8,1.3003958060974374,17.6
sj,2013,15,2013-04-09,-0.1176,-0.0082,0.1927,0.1704286,299.057142857,299.328571429,301.5,297.5,0.7,78.2857142857,0.0,3.17142857143,27.9142857143,8.11428571429,32.8,23.3,0.8397042624345471,9.4
sj,2013,16,2013-04-16,0.08275,0.0312,0.1350143,0.07485714,298.912857143,299.064285714,300.9,297.3,1.4,77.6742857143,0.0,3.04285714286,27.7285714286,6.94285714286,31.7,23.9,1.205172967815978,22.9
sj,2013,17,2013-04-23,-0.0873,-0.04866667,0.1298143,0.1176714,298.067142857,298.042857143,300.2,296.6,19.9,79.0457142857,45.47,2.34285714286,26.4428571429,6.74285714286,31.1,21.7,1.9544063706272172,47.5
